Pfad;Vorhanden;Aus_PDF_Liste
C:\Users\Besitzer\AppData\Local\Temp\coding_live_1899142b04b74863ac5fc2a76f004dcd.png;False;False
C:\Users\Besitzer\AppData\Local\Temp\coding_live_87cab9edd7ba4472945a8ea076701b48.png;False;False
C:\Users\Besitzer\AppData\Local\Temp\coding_live_8fb8fe247fc54340b7aeb0c27ae837d2.png;False;False
C:\Users\Besitzer\AppData\Local\Temp\coding_live_8fb8fe247fc54340b7aeb0c27ae837d2_overlay.png;False;False
C:\Users\Besitzer\AppData\Local\Temp\coding_live_b5316c75f5f041bb87cedcc1d73b4bdb.png;False;False
C:\Users\Besitzer\AppData\Local\Temp\coding_live_d94af698e58742779d04a9854bbf44aa.png;False;False
C:\Users\Besitzer\AppData\Local\Temp\coding_live_fad287f363214b989e986342b75b3e1a.png;False;False
C:\Users\Besitzer\AppData\Local\Temp\vsa_foto1_114895033fa44820b0996dec5fa5ca9d.png;False;False
C:\Users\Besitzer\AppData\Local\Temp\vsa_foto1_13af91f13d5645869c6cb1dd82346cfc.png;False;False
C:\Users\Besitzer\AppData\Local\Temp\vsa_foto1_70de83e5a2f5452fb3b82a1759806347.png;False;False
C:\Users\Besitzer\AppData\Local\Temp\vsa_foto1_7345899a9bc84a908e113f86f05060b5.png;False;False
C:\Users\Besitzer\AppData\Local\Temp\vsa_foto1_94dad95c3267416fa848c954fe374f13.png;False;False
C:\Users\Besitzer\AppData\Local\Temp\vsa_foto1_b3b06dc6ee98439f88aa05e2bbccd1be.png;False;False
C:\Users\Besitzer\AppData\Local\Temp\vsa_foto1_c30f3593c03341e9b8d3d3e737e77e7b.png;False;False
C:\Users\Besitzer\AppData\Local\Temp\vsa_foto1_e81911a473d744f68672f565e0e92175.png;False;False
C:\Users\Besitzer\AppData\Local\Temp\vsa_foto1_fc40ea4e31ae481f91d32e3367de84f5.png;False;False
C:\Users\pasca\Downloads\Download (1).png;False;False
C:\Users\pasca\Downloads\logo-abwasser.png;False;False
D:\Videoprojekte\01-2026\01-2026\VSAKEK\00000001.JPG;False;False
D:\Videoprojekte\01-2026\01-2026\VSAKEK\00000002.JPG;False;False
D:\Videoprojekte\01-2026\01-2026\VSAKEK\00000004.JPG;False;False
D:\Videoprojekte\01-2026\01-2026\VSAKEK\00000005.JPG;False;False
D:\Videoprojekte\01-2026\01-2026\VSAKEK\00000006.JPG;False;False
D:\Videoprojekte\01-2026\01-2026\VSAKEK\00000007.JPG;False;False
D:\Videoprojekte\01-2026\01-2026\VSAKEK\00000009.JPG;False;False
D:\Videoprojekte\01-2026\01-2026\VSAKEK\00000010.JPG;False;False
D:\Videoprojekte\01-2026\01-2026\VSAKEK\00000011.JPG;False;False
D:\Videoprojekte\01-2026\01-2026\VSAKEK\00000012.JPG;False;False
D:\Videoprojekte\01-2026\01-2026\VSAKEK\00000013.JPG;False;False
D:\Videoprojekte\01-2026\01-2026\VSAKEK\00000014.JPG;False;False
D:\Videoprojekte\01-2026\01-2026\VSAKEK\00000015.JPG;False;False
D:\Videoprojekte\01-2026\01-2026\VSAKEK\00000016.JPG;False;False
D:\Videoprojekte\01-2026\01-2026\VSAKEK\00000017.JPG;False;False
D:\Videoprojekte\01-2026\01-2026\VSAKEK\00000018.JPG;False;False
D:\Videoprojekte\2.26.161 Wassen UR_KF_KR 2026\Misc\Docu\1089398.pdf;False;False
D:\Videoprojekte\2.26.161 Wassen UR_KF_KR 2026\Misc\Docu\2.26.161 Wassen UR_KF_KR 2026.pdf;False;False
D:\Videoprojekte\2.26.161 Wassen UR_KF_KR 2026\Misc\Docu\21237.pdf;False;False
D:\Videoprojekte\2.26.161 Wassen UR_KF_KR 2026\Misc\Docu\21405.pdf;False;False
D:\Videoprojekte\2.26.161 Wassen UR_KF_KR 2026\Misc\Docu\21522.pdf;False;False
D:\Videoprojekte\2.26.161 Wassen UR_KF_KR 2026\Misc\Docu\21600.pdf;False;False
D:\Videoprojekte\2.26.161 Wassen UR_KF_KR 2026\Misc\Docu\21683.pdf;False;False
D:\Videoprojekte\2.26.161 Wassen UR_KF_KR 2026\Misc\Docu\21686.pdf;False;False
D:\Videoprojekte\2.26.161 Wassen UR_KF_KR 2026\Misc\Docu\21687.pdf;False;False
D:\Videoprojekte\2.26.161 Wassen UR_KF_KR 2026\Misc\Docu\21729.pdf;False;False
D:\Videoprojekte\2.26.161 Wassen UR_KF_KR 2026\Misc\Docu\21730.pdf;False;False
D:\Videoprojekte\2.26.161 Wassen UR_KF_KR 2026\Misc\Docu\21731.pdf;False;False
D:\Videoprojekte\2.26.161 Wassen UR_KF_KR 2026\Misc\Docu\21749.pdf;False;False
D:\Videoprojekte\2.26.161 Wassen UR_KF_KR 2026\Misc\Docu\22542.pdf;False;False
D:\Videoprojekte\2.26.161 Wassen UR_KF_KR 2026\Misc\Docu\22735.pdf;False;False
D:\Videoprojekte\2.26.161 Wassen UR_KF_KR 2026\Misc\Docu\22833.pdf;False;False
D:\Videoprojekte\2.26.161 Wassen UR_KF_KR 2026\Misc\Docu\22834.pdf;False;False
D:\Videoprojekte\2.26.161 Wassen UR_KF_KR 2026\Misc\Docu\22835.pdf;False;False
D:\Videoprojekte\2.26.161 Wassen UR_KF_KR 2026\Misc\Docu\22836.pdf;False;False
D:\Videoprojekte\2.26.161 Wassen UR_KF_KR 2026\Misc\Docu\22838.pdf;False;False
D:\Videoprojekte\2.26.161 Wassen UR_KF_KR 2026\Misc\Docu\22839.pdf;False;False
D:\Videoprojekte\2.26.161 Wassen UR_KF_KR 2026\Misc\Docu\22840.pdf;False;False
D:\Videoprojekte\2.26.161 Wassen UR_KF_KR 2026\Misc\Docu\22841.pdf;False;False
D:\Videoprojekte\2.26.161 Wassen UR_KF_KR 2026\Misc\Docu\23012.pdf;False;False
D:\Videoprojekte\2.26.161 Wassen UR_KF_KR 2026\Misc\Docu\23014.pdf;False;False
D:\Videoprojekte\2.26.161 Wassen UR_KF_KR 2026\Misc\Docu\23021.pdf;False;False
D:\Videoprojekte\2.26.161 Wassen UR_KF_KR 2026\Misc\Docu\324594.pdf;False;False
D:\Videoprojekte\2.26.161 Wassen UR_KF_KR 2026\Misc\Docu\345402.pdf;False;False
D:\Videoprojekte\2.26.161 Wassen UR_KF_KR 2026\Misc\Docu\345436.pdf;False;False
D:\Videoprojekte\Altdorf_Seilergasse_29883 _1025_Export\Altdorf_Seilergasse_29883  _1025_Export\DISK1\PDF\Schachtprotokoll\78998.pdf;False;False
D:\Videoprojekte\Altdorf_Seilergasse_29883 _1025_Export\Altdorf_Seilergasse_29883  _1025_Export\DISK1\PDF\Section_PDF\Section_3_78998-79002.pdf;False;True
D:\Videoprojekte\Altdorf_Seilergasse_29883 _1025_Export\Altdorf_Seilergasse_29883  _1025_Export\DISK1\Projects\Altdorf_Seilergasse_29883  _1025\Misc\Docu\78998-79002\Section_3_78998-79002_1.pdf;False;True
D:\Videoprojekte\Bürglen\2.26.208 Buerglen UR Sanierungsmassnahmen\Projects\2.26.208 Buerglen UR Sanierungsmassnahmen\Misc\Docu\Aushärtungsprotokoll H12_H13.pdf;True;True
D:\Videoprojekte\Bürglen\2.26.208 Buerglen UR Sanierungsmassnahmen\Projects\2.26.208 Buerglen UR Sanierungsmassnahmen\Misc\Docu\DP H12_H13.pdf;True;True
D:\Videoprojekte\Bürglen\2.26.208 Buerglen UR Sanierungsmassnahmen\Projects\2.26.208 Buerglen UR Sanierungsmassnahmen\Misc\Docu\Plan H12-H17_Schächte 15_17_19.pdf;True;True
D:\Videoprojekte\Bürglen\2.26.208 Buerglen UR Sanierungsmassnahmen\Projects\2.26.208 Buerglen UR Sanierungsmassnahmen\Misc\Docu\Aushärtungsprotokoll H14.pdf;True;True
D:\Videoprojekte\Bürglen\2.26.208 Buerglen UR Sanierungsmassnahmen\Projects\2.26.208 Buerglen UR Sanierungsmassnahmen\Misc\Docu\DP H14.pdf;True;True
D:\Videoprojekte\Bürglen\2.26.208 Buerglen UR Sanierungsmassnahmen\Projects\2.26.208 Buerglen UR Sanierungsmassnahmen\Misc\Docu\Aushärtungsprotokoll H15_H16.pdf;True;True
D:\Videoprojekte\Bürglen\2.26.208 Buerglen UR Sanierungsmassnahmen\Projects\2.26.208 Buerglen UR Sanierungsmassnahmen\Misc\Docu\DP H15_H16.pdf;True;True
D:\Videoprojekte\Bürglen\2.26.208 Buerglen UR Sanierungsmassnahmen\Projects\2.26.208 Buerglen UR Sanierungsmassnahmen\Misc\Docu\Aushärtungsprotokoll H17.pdf;True;True
D:\Videoprojekte\Bürglen\2.26.208 Buerglen UR Sanierungsmassnahmen\Projects\2.26.208 Buerglen UR Sanierungsmassnahmen\Misc\Docu\DP H17.pdf;True;True
D:\Videoprojekte\Bürglen\2.26.208 Buerglen UR Sanierungsmassnahmen\Projects\2.26.208 Buerglen UR Sanierungsmassnahmen\Misc\Docu\Aushärtungsprotokoll H41_H42.pdf;True;True
D:\Videoprojekte\Bürglen\2.26.208 Buerglen UR Sanierungsmassnahmen\Projects\2.26.208 Buerglen UR Sanierungsmassnahmen\Misc\Docu\DP H41_H42.pdf;True;True
D:\Videoprojekte\Bürglen\2.26.208 Buerglen UR Sanierungsmassnahmen\Projects\2.26.208 Buerglen UR Sanierungsmassnahmen\Misc\Docu\Manuelle Arbeiten Liner Ende einbinden_H41 unten und H42 oben.pdf;True;True
D:\Videoprojekte\Bürglen\2.26.208 Buerglen UR Sanierungsmassnahmen\Projects\2.26.208 Buerglen UR Sanierungsmassnahmen\Misc\Docu\Plan H41+H42_H66+H67_Schächte 43+44 und 76-79.pdf;True;True
D:\Videoprojekte\Bürglen\2.26.208 Buerglen UR Sanierungsmassnahmen\Projects\2.26.208 Buerglen UR Sanierungsmassnahmen\Misc\Docu\Aushärtungsprotokoll H66.pdf;True;True
D:\Videoprojekte\Bürglen\2.26.208 Buerglen UR Sanierungsmassnahmen\Projects\2.26.208 Buerglen UR Sanierungsmassnahmen\Misc\Docu\DP H66.pdf;True;True
D:\Videoprojekte\Bürglen\2.26.208 Buerglen UR Sanierungsmassnahmen\Projects\2.26.208 Buerglen UR Sanierungsmassnahmen\Misc\Docu\Aushärtungsprotokoll H73_H74.pdf;True;True
D:\Videoprojekte\Bürglen\2.26.208 Buerglen UR Sanierungsmassnahmen\Projects\2.26.208 Buerglen UR Sanierungsmassnahmen\Misc\Docu\DP H73.pdf;True;True
D:\Videoprojekte\Bürglen\2.26.208 Buerglen UR Sanierungsmassnahmen\Projects\2.26.208 Buerglen UR Sanierungsmassnahmen\Misc\Docu\Plan H73-H79_Schächte_69-76.pdf;True;True
D:\Videoprojekte\Bürglen\2.26.208 Buerglen UR Sanierungsmassnahmen\Projects\2.26.208 Buerglen UR Sanierungsmassnahmen\Misc\Docu\DP H74.pdf;True;True
D:\Videoprojekte\Bürglen\2.26.208 Buerglen UR Sanierungsmassnahmen\Projects\2.26.208 Buerglen UR Sanierungsmassnahmen\Misc\Docu\Aushärtungsprotokoll H75_H76_H77.pdf;True;True
D:\Videoprojekte\Bürglen\2.26.208 Buerglen UR Sanierungsmassnahmen\Projects\2.26.208 Buerglen UR Sanierungsmassnahmen\Misc\Docu\DP H75_H76_H77.pdf;True;True
D:\Videoprojekte\Bürglen\2.26.208 Buerglen UR Sanierungsmassnahmen\Projects\2.26.208 Buerglen UR Sanierungsmassnahmen\Misc\Docu\Aushärtungsprotokoll H78_H79.pdf;True;True
D:\Videoprojekte\Bürglen\2.26.208 Buerglen UR Sanierungsmassnahmen\Projects\2.26.208 Buerglen UR Sanierungsmassnahmen\Misc\Docu\DP H78_H79.pdf;True;True
D:\Videoprojekte\Bürglen\2.26.208 Buerglen UR Sanierungsmassnahmen\Projects\2.26.208 Buerglen UR Sanierungsmassnahmen\Misc\Docu\Plan H67+H69_Schächte 45_46 und 60-64 und 79-81.pdf;True;True
D:\Videoprojekte\Erstfeld_Jagdmatt_38454_0426_Export\Report\H_33431-36275.pdf;False;True
D:\Videoprojekte\Erstfeld_Jagdmatt_38454_0426_Export\Report\L_7.34786-952.01.pdf;False;True
D:\Videoprojekte\Erstfeld_Jagdmatt_38454_0426_Export\Report\L_952.02-952.03.pdf;False;True
D:\Videoprojekte\Erstfeld_Jagdmatt_38454_0426_Export\Report\L_33429-952.06.pdf;False;True
D:\Videoprojekte\Erstfeld_Jagdmatt_38454_0426_Export\Report\H_35558-35559.pdf;False;True
D:\Videoprojekte\Erstfeld_Jagdmatt_38454_0426_Export\Report\L_36298-10.25751.pdf;False;True
D:\Videoprojekte\Erstfeld_Jagdmatt_38454_0426_Export\Report\L_36300-10.142801.pdf;False;True
D:\Videoprojekte\Erstfeld_Jagdmatt_38454_0426_Export\Report\H_36053-36052.pdf;False;True
D:\Videoprojekte\Erstfeld_Jagdmatt_38454_0426_Export\Report\L_33454-7.26898.pdf;False;True
D:\Videoprojekte\Erstfeld_Jagdmatt_38454_0426_Export\Report\H_36297-36298.pdf;False;True
D:\Videoprojekte\Erstfeld_Jagdmatt_38454_0426_Export\Report\L_982.02-982.03.pdf;False;True
D:\Videoprojekte\Erstfeld_Jagdmatt_38454_0426_Export\Report\L_982.04-982.05.pdf;False;True
D:\Videoprojekte\Erstfeld_Jagdmatt_38454_0426_Export\Report\L_33395-7.26149.pdf;False;True
D:\Videoprojekte\Erstfeld_Jagdmatt_38454_0426_Export\Report\L_33396-982.01.pdf;False;True
F:\Neuer Ordner\LightViewer_Bauen\Projects\Bauen\Misc\Docu\S-1-0-0.pdf;False;False
F:\test1.15\80397-80515\20250926_80397-80515.pdf;False;False
F:\test1.15\80441-80704\20250926_80441-80704.pdf;False;False
F:\test1.15\80722-80783\20250929_80722-80783.pdf;False;False
G:\Sanierung obere Hellgasse\24019_Hellgassef__2024-10-25_Schachtprotokolle\24019_Hellgassef__2024-10-25_Schachtprotokolle\74091.pdf;False;False
G:\Sanierung obere Hellgasse\24019_Hellgassef__2024-10-25_Schachtprotokolle\24019_Hellgassef__2024-10-25_Schachtprotokolle\80685.pdf;False;False
G:\Sanierung obere Hellgasse\24019_Hellgassef__2024-10-25_Schachtprotokolle\24019_Hellgassef__2024-10-25_Schachtprotokolle\80706.pdf;False;False
G:\Sanierung obere Hellgasse\24019_Hellgassef__2024-10-25_Schachtprotokolle\24019_Hellgassef__2024-10-25_Schachtprotokolle\80707.pdf;False;False
G:\Sanierung obere Hellgasse\24019_Hellgassef__2024-10-25_Schachtprotokolle\24019_Hellgassef__2024-10-25_Schachtprotokolle\80713.pdf;False;False
G:\Sanierung obere Hellgasse\24019_Hellgassef__2024-10-25_Schachtprotokolle\24019_Hellgassef__2024-10-25_Schachtprotokolle\80722.pdf;False;False
G:\Sanierung obere Hellgasse\24019_Hellgassef__2024-10-25_Schachtprotokolle\24019_Hellgassef__2024-10-25_Schachtprotokolle\80783.pdf;False;False
G:\Sanierung obere Hellgasse\24019_Hellgassef__2024-10-25_Schachtprotokolle\24019_Hellgassef__2024-10-25_Schachtprotokolle\80823.pdf;False;False
G:\Sanierung obere Hellgasse\24019_Hellgassef__2024-10-25_Schachtprotokolle\24019_Hellgassef__2024-10-25_Schachtprotokolle\80872.pdf;False;False
G:\Sanierung obere Hellgasse\24019_Hellgassef__2024-10-25_Schachtprotokolle\24019_Hellgassef__2024-10-25_Schachtprotokolle\80879.pdf;False;False
G:\Sanierung obere Hellgasse\24019_Hellgassef__2024-10-25_Schachtprotokolle\24019_Hellgassef__2024-10-25_Schachtprotokolle\80904.pdf;False;False
G:\Sanierung obere Hellgasse\24019_Hellgassef__2024-10-25_Schachtprotokolle\24019_Hellgassef__2024-10-25_Schachtprotokolle\80908.pdf;False;False
G:\Sanierung obere Hellgasse\24019_Hellgassef__2024-10-25_Schachtprotokolle\24019_Hellgassef__2024-10-25_Schachtprotokolle\80938.pdf;False;False
G:\Sanierung obere Hellgasse\24019_Hellgassef__2024-10-25_Schachtprotokolle\24019_Hellgassef__2024-10-25_Schachtprotokolle\81046.pdf;False;False
G:\Sanierung obere Hellgasse\24019_Hellgassef__2024-10-25_Schachtprotokolle\24019_Hellgassef__2024-10-25_Schachtprotokolle\81334.pdf;False;False
G:\Sanierung obere Hellgasse\24019_Hellgassef__2024-10-25_Schachtprotokolle\24019_Hellgassef__2024-10-25_Schachtprotokolle\892037.pdf;False;False
G:\Sanierung obere Hellgasse\24019_Hellgassef__2024-10-25_Schachtprotokolle\24019_Hellgassef__2024-10-25_Schachtprotokolle\892040.pdf;False;False
G:\Sanierung obere Hellgasse\24019_Hellgassef__2024-10-25_Schachtprotokolle\24019_Hellgassef__2024-10-25_Schachtprotokolle\892046.pdf;False;False
G:\Sanierung_Andermatt_GKS\2.26.046 Andermatt Zone 2.08_Bodenstrasse\Projects\2.26.046 Andermatt Zone 2.08_Bodenstrasse\Misc\Docu\Aushärtungsprotokoll H10.pdf;False;True
G:\Sanierung_Andermatt_GKS\2.26.046 Andermatt Zone 2.08_Bodenstrasse\Projects\2.26.046 Andermatt Zone 2.08_Bodenstrasse\Misc\Docu\DP H10.pdf;False;True
G:\Sanierung_Andermatt_GKS\2.26.046 Andermatt Zone 2.08_Bodenstrasse\Projects\2.26.046 Andermatt Zone 2.08_Bodenstrasse\Misc\Docu\Deformationsmessung\SCB_H18.pdf;False;True
G:\Sanierung_Andermatt_GKS\2.26.046 Andermatt Zone 2.08_Bodenstrasse\Projects\2.26.046 Andermatt Zone 2.08_Bodenstrasse\Misc\Docu\Deformationsmessung\SC_H18.pdf;False;True
G:\Sanierung_Andermatt_GKS\2.26.046 Andermatt Zone 2.08_Bodenstrasse\Projects\2.26.046 Andermatt Zone 2.08_Bodenstrasse\Misc\Docu\Deformationsmessung\SCB_H19.pdf;False;True
G:\Sanierung_Andermatt_GKS\2.26.046 Andermatt Zone 2.08_Bodenstrasse\Projects\2.26.046 Andermatt Zone 2.08_Bodenstrasse\Misc\Docu\Deformationsmessung\SC_H19.pdf;False;True
G:\Sanierung_Andermatt_GKS\2.26.046 Andermatt Zone 2.08_Bodenstrasse\Projects\2.26.046 Andermatt Zone 2.08_Bodenstrasse\Misc\Docu\Deformationsmessung\SCB_H20.pdf;False;True
G:\Sanierung_Andermatt_GKS\2.26.046 Andermatt Zone 2.08_Bodenstrasse\Projects\2.26.046 Andermatt Zone 2.08_Bodenstrasse\Misc\Docu\Deformationsmessung\SC_H20.pdf;False;True
G:\Sanierung_Andermatt_GKS\2.26.049 Andermatt Zone 2.11_Missionsweg_Kirchgasse\Projects\2.26.049 Andermatt Zone 2.11_Missionsweg_Kirchgasse\Misc\Docu\Aushärtungsprotokoll H10.pdf;False;True
G:\Sanierung_Andermatt_GKS\2.26.049 Andermatt Zone 2.11_Missionsweg_Kirchgasse\Projects\2.26.049 Andermatt Zone 2.11_Missionsweg_Kirchgasse\Misc\Docu\DP H10.pdf;False;True
G:\Sanierung_Andermatt_GKS\Sanierung_Verteilt\06.8360-2835\20260730_06.8360-2835_Saniert 2026\20260730_06.8360-2835.mp4;False;False
G:\Sanierung_Andermatt_GKS\Sanierung_Verteilt\2199-2198\20260730_2199-2198_Saniert 2026\20260730_2199-2198.mp4;False;False
G:\Sanierung_Andermatt_GKS\Sanierung_Verteilt\2413-327015\20260730_2413-327015_Saniert 2026\20260730_2413-327015.mp4;False;False
G:\Sanierung_Andermatt_GKS\Sanierung_Verteilt\2942-2943\20260730_2942-2943_Saniert 2026\20260730_2942-2943.mp4;False;False
G:\Sanierung_Andermatt_GKS\Sanierung_Verteilt\296993-2942\20260730_296993-2942_Saniert 2026\20260730_296993-2942.mp4;False;False
G:\Sanierung_Andermatt_GKS\Sanierung_Verteilt\3074-3037\20260727_3074-3037_Saniert 2026\20260727_3074-3037.mp4;False;False
G:\Sanierung_Andermatt_GKS\Sanierung_Verteilt\3283-296993\20260730_3283-296993_Saniert 2026\20260730_3283-296993.mp4;False;False
G:\Sanierung_Andermatt_GKS\Sanierung_Verteilt\4229-4640\20260730_4229-4640_Saniert 2026\20260730_4229-4640.mp4;False;False
G:\Sanierung_Andermatt_GKS\Sanierung_Verteilt\7366-7429\20260730_7366-7429_Saniert 2026\20260730_7366-7429.mp4;False;False
G:\Sanierung_Andermatt_GKS\Sanierung_Verteilt\7370-7427\20260730_7370-7427_Saniert 2026\20260730_7370-7427.mp4;False;False
G:\Sanierung_Andermatt_GKS\Sanierung_Verteilt\7427-7428\20260730_7427-7428_Saniert 2026\20260730_7427-7428.mp4;False;False
G:\Sanierung_Andermatt_GKS\Sanierung_Verteilt\7428-7369\20260730_7428-7369_Saniert 2026\20260730_7428-7369.mp4;False;False
G:\Sanierung_Andermatt_GKS\Sanierung_Verteilt\7435-7434\20260730_7435-7434_Saniert 2026\20260730_7435-7434.mp4;False;False
G:\Sanierung_Andermatt_GKS\Sanierung_Verteilt\7436-7435\20260730_7436-7435_Saniert 2026\20260730_7436-7435.mp4;False;False
G:\Sanierung_Andermatt_GKS\Sanierung_Verteilt\955509-4789\20260727_955509-4789_Saniert 2026\20260727_955509-4789.mp4;False;False
