Gespeicherter Pfad;Anzahl Namenstreffer;Moegliche Dateien (keine bestaetigte Zuordnung)
C:\Users\Besitzer\AppData\Local\Temp\coding_live_1899142b04b74863ac5fc2a76f004dcd.png;0;
C:\Users\Besitzer\AppData\Local\Temp\coding_live_87cab9edd7ba4472945a8ea076701b48.png;0;
C:\Users\Besitzer\AppData\Local\Temp\coding_live_8fb8fe247fc54340b7aeb0c27ae837d2.png;0;
C:\Users\Besitzer\AppData\Local\Temp\coding_live_8fb8fe247fc54340b7aeb0c27ae837d2_overlay.png;0;
C:\Users\Besitzer\AppData\Local\Temp\coding_live_b5316c75f5f041bb87cedcc1d73b4bdb.png;0;
C:\Users\Besitzer\AppData\Local\Temp\coding_live_d94af698e58742779d04a9854bbf44aa.png;0;
C:\Users\Besitzer\AppData\Local\Temp\coding_live_fad287f363214b989e986342b75b3e1a.png;0;
C:\Users\Besitzer\AppData\Local\Temp\vsa_foto1_114895033fa44820b0996dec5fa5ca9d.png;0;
C:\Users\Besitzer\AppData\Local\Temp\vsa_foto1_13af91f13d5645869c6cb1dd82346cfc.png;0;
C:\Users\Besitzer\AppData\Local\Temp\vsa_foto1_70de83e5a2f5452fb3b82a1759806347.png;0;
C:\Users\Besitzer\AppData\Local\Temp\vsa_foto1_7345899a9bc84a908e113f86f05060b5.png;0;
C:\Users\Besitzer\AppData\Local\Temp\vsa_foto1_94dad95c3267416fa848c954fe374f13.png;0;
C:\Users\Besitzer\AppData\Local\Temp\vsa_foto1_b3b06dc6ee98439f88aa05e2bbccd1be.png;0;
C:\Users\Besitzer\AppData\Local\Temp\vsa_foto1_c30f3593c03341e9b8d3d3e737e77e7b.png;0;
C:\Users\Besitzer\AppData\Local\Temp\vsa_foto1_e81911a473d744f68672f565e0e92175.png;0;
C:\Users\Besitzer\AppData\Local\Temp\vsa_foto1_fc40ea4e31ae481f91d32e3367de84f5.png;0;
C:\Users\pasca\Downloads\Download (1).png;0;
C:\Users\pasca\Downloads\logo-abwasser.png;0;
D:\Videoprojekte\01-2026\01-2026\VSAKEK\00000001.JPG;1;D:/Videoprojekte\Altdorf\01-2026\01-2026\048473-altdorf ur zweyermatte\00000001.jpg
D:\Videoprojekte\01-2026\01-2026\VSAKEK\00000002.JPG;1;D:/Videoprojekte\Altdorf\01-2026\01-2026\048473-altdorf ur zweyermatte\00000002.jpg
D:\Videoprojekte\01-2026\01-2026\VSAKEK\00000004.JPG;1;D:/Videoprojekte\Altdorf\01-2026\01-2026\048473-altdorf ur zweyermatte\00000004.jpg
D:\Videoprojekte\01-2026\01-2026\VSAKEK\00000005.JPG;1;D:/Videoprojekte\Altdorf\01-2026\01-2026\048473-altdorf ur zweyermatte\00000005.jpg
D:\Videoprojekte\01-2026\01-2026\VSAKEK\00000006.JPG;1;D:/Videoprojekte\Altdorf\01-2026\01-2026\048473-altdorf ur zweyermatte\00000006.jpg
D:\Videoprojekte\01-2026\01-2026\VSAKEK\00000007.JPG;1;D:/Videoprojekte\Altdorf\01-2026\01-2026\048473-altdorf ur zweyermatte\00000007.jpg
D:\Videoprojekte\01-2026\01-2026\VSAKEK\00000009.JPG;1;D:/Videoprojekte\Altdorf\01-2026\01-2026\048473-altdorf ur zweyermatte\00000009.jpg
D:\Videoprojekte\01-2026\01-2026\VSAKEK\00000010.JPG;1;D:/Videoprojekte\Altdorf\01-2026\01-2026\048473-altdorf ur zweyermatte\00000010.jpg
D:\Videoprojekte\01-2026\01-2026\VSAKEK\00000011.JPG;1;D:/Videoprojekte\Altdorf\01-2026\01-2026\048473-altdorf ur zweyermatte\00000011.jpg
D:\Videoprojekte\01-2026\01-2026\VSAKEK\00000012.JPG;1;D:/Videoprojekte\Altdorf\01-2026\01-2026\048473-altdorf ur zweyermatte\00000012.jpg
D:\Videoprojekte\01-2026\01-2026\VSAKEK\00000013.JPG;1;D:/Videoprojekte\Altdorf\01-2026\01-2026\048473-altdorf ur zweyermatte\00000013.jpg
D:\Videoprojekte\01-2026\01-2026\VSAKEK\00000014.JPG;1;D:/Videoprojekte\Altdorf\01-2026\01-2026\048473-altdorf ur zweyermatte\00000014.jpg
D:\Videoprojekte\01-2026\01-2026\VSAKEK\00000015.JPG;1;D:/Videoprojekte\Altdorf\01-2026\01-2026\048473-altdorf ur zweyermatte\00000015.jpg
D:\Videoprojekte\01-2026\01-2026\VSAKEK\00000016.JPG;1;D:/Videoprojekte\Altdorf\01-2026\01-2026\048473-altdorf ur zweyermatte\00000016.jpg
D:\Videoprojekte\01-2026\01-2026\VSAKEK\00000017.JPG;1;D:/Videoprojekte\Altdorf\01-2026\01-2026\048473-altdorf ur zweyermatte\00000017.jpg
D:\Videoprojekte\01-2026\01-2026\VSAKEK\00000018.JPG;1;D:/Videoprojekte\Altdorf\01-2026\01-2026\048473-altdorf ur zweyermatte\00000018.jpg
D:\Videoprojekte\2.26.161 Wassen UR_KF_KR 2026\Misc\Docu\1089398.pdf;5;"D:/Projekte\GEP_Wassen_2026\Importdateien\PDF\1089398.pdf
D:/Projekte\GEP_Wassen_2026\Projektdateien\Imports\PDF\1089398.pdf
D:/Projekte\wassentest\Importdateien\PDF\1089398.pdf
D:/Projekte\wassentest\Schächte_Verteilt\1089398\1089398.pdf
D:/Videoprojekte\Wassen\2.26.161 Wassen UR_KF_KR 2026\Misc\Docu\1089398.pdf"
D:\Videoprojekte\2.26.161 Wassen UR_KF_KR 2026\Misc\Docu\2.26.161 Wassen UR_KF_KR 2026.pdf;4;"D:/Projekte\GEP_Wassen_2026\Importdateien\PDF\2.26.161 Wassen UR_KF_KR 2026.pdf
D:/Projekte\GEP_Wassen_2026\Projektdateien\Imports\PDF\2.26.161 Wassen UR_KF_KR 2026.pdf
D:/Projekte\wassentest\Importdateien\PDF\2.26.161 Wassen UR_KF_KR 2026.pdf
D:/Videoprojekte\Wassen\2.26.161 Wassen UR_KF_KR 2026\Misc\Docu\2.26.161 Wassen UR_KF_KR 2026.pdf"
D:\Videoprojekte\2.26.161 Wassen UR_KF_KR 2026\Misc\Docu\21237.pdf;5;"D:/Projekte\GEP_Wassen_2026\Importdateien\PDF\21237.pdf
D:/Projekte\GEP_Wassen_2026\Projektdateien\Imports\PDF\21237.pdf
D:/Projekte\wassentest\Importdateien\PDF\21237.pdf
D:/Projekte\wassentest\Schächte_Verteilt\21237\21237.pdf
D:/Videoprojekte\Wassen\2.26.161 Wassen UR_KF_KR 2026\Misc\Docu\21237.pdf"
D:\Videoprojekte\2.26.161 Wassen UR_KF_KR 2026\Misc\Docu\21405.pdf;5;"D:/Projekte\GEP_Wassen_2026\Importdateien\PDF\21405.pdf
D:/Projekte\GEP_Wassen_2026\Projektdateien\Imports\PDF\21405.pdf
D:/Projekte\wassentest\Importdateien\PDF\21405.pdf
D:/Projekte\wassentest\Schächte_Verteilt\21405\21405.pdf
D:/Videoprojekte\Wassen\2.26.161 Wassen UR_KF_KR 2026\Misc\Docu\21405.pdf"
D:\Videoprojekte\2.26.161 Wassen UR_KF_KR 2026\Misc\Docu\21522.pdf;5;"D:/Projekte\GEP_Wassen_2026\Importdateien\PDF\21522.pdf
D:/Projekte\GEP_Wassen_2026\Projektdateien\Imports\PDF\21522.pdf
D:/Projekte\wassentest\Importdateien\PDF\21522.pdf
D:/Projekte\wassentest\Schächte_Verteilt\21522\21522.pdf
D:/Videoprojekte\Wassen\2.26.161 Wassen UR_KF_KR 2026\Misc\Docu\21522.pdf"
D:\Videoprojekte\2.26.161 Wassen UR_KF_KR 2026\Misc\Docu\21600.pdf;5;"D:/Projekte\GEP_Wassen_2026\Importdateien\PDF\21600.pdf
D:/Projekte\GEP_Wassen_2026\Projektdateien\Imports\PDF\21600.pdf
D:/Projekte\wassentest\Importdateien\PDF\21600.pdf
D:/Projekte\wassentest\Schächte_Verteilt\21600\21600.pdf
D:/Videoprojekte\Wassen\2.26.161 Wassen UR_KF_KR 2026\Misc\Docu\21600.pdf"
D:\Videoprojekte\2.26.161 Wassen UR_KF_KR 2026\Misc\Docu\21683.pdf;5;"D:/Projekte\GEP_Wassen_2026\Importdateien\PDF\21683.pdf
D:/Projekte\GEP_Wassen_2026\Projektdateien\Imports\PDF\21683.pdf
D:/Projekte\wassentest\Importdateien\PDF\21683.pdf
D:/Projekte\wassentest\Schächte_Verteilt\21683\21683.pdf
D:/Videoprojekte\Wassen\2.26.161 Wassen UR_KF_KR 2026\Misc\Docu\21683.pdf"
D:\Videoprojekte\2.26.161 Wassen UR_KF_KR 2026\Misc\Docu\21686.pdf;5;"D:/Projekte\GEP_Wassen_2026\Importdateien\PDF\21686.pdf
D:/Projekte\GEP_Wassen_2026\Projektdateien\Imports\PDF\21686.pdf
D:/Projekte\wassentest\Importdateien\PDF\21686.pdf
D:/Projekte\wassentest\Schächte_Verteilt\21686\21686.pdf
D:/Videoprojekte\Wassen\2.26.161 Wassen UR_KF_KR 2026\Misc\Docu\21686.pdf"
D:\Videoprojekte\2.26.161 Wassen UR_KF_KR 2026\Misc\Docu\21687.pdf;5;"D:/Projekte\GEP_Wassen_2026\Importdateien\PDF\21687.pdf
D:/Projekte\GEP_Wassen_2026\Projektdateien\Imports\PDF\21687.pdf
D:/Projekte\wassentest\Importdateien\PDF\21687.pdf
D:/Projekte\wassentest\Schächte_Verteilt\21687\21687.pdf
D:/Videoprojekte\Wassen\2.26.161 Wassen UR_KF_KR 2026\Misc\Docu\21687.pdf"
D:\Videoprojekte\2.26.161 Wassen UR_KF_KR 2026\Misc\Docu\21729.pdf;5;"D:/Projekte\GEP_Wassen_2026\Importdateien\PDF\21729.pdf
D:/Projekte\GEP_Wassen_2026\Projektdateien\Imports\PDF\21729.pdf
D:/Projekte\wassentest\Importdateien\PDF\21729.pdf
D:/Projekte\wassentest\Schächte_Verteilt\21729\21729.pdf
D:/Videoprojekte\Wassen\2.26.161 Wassen UR_KF_KR 2026\Misc\Docu\21729.pdf"
D:\Videoprojekte\2.26.161 Wassen UR_KF_KR 2026\Misc\Docu\21730.pdf;5;"D:/Projekte\GEP_Wassen_2026\Importdateien\PDF\21730.pdf
D:/Projekte\GEP_Wassen_2026\Projektdateien\Imports\PDF\21730.pdf
D:/Projekte\wassentest\Importdateien\PDF\21730.pdf
D:/Projekte\wassentest\Schächte_Verteilt\21730\21730.pdf
D:/Videoprojekte\Wassen\2.26.161 Wassen UR_KF_KR 2026\Misc\Docu\21730.pdf"
D:\Videoprojekte\2.26.161 Wassen UR_KF_KR 2026\Misc\Docu\21731.pdf;5;"D:/Projekte\GEP_Wassen_2026\Importdateien\PDF\21731.pdf
D:/Projekte\GEP_Wassen_2026\Projektdateien\Imports\PDF\21731.pdf
D:/Projekte\wassentest\Importdateien\PDF\21731.pdf
D:/Projekte\wassentest\Schächte_Verteilt\21731\21731.pdf
D:/Videoprojekte\Wassen\2.26.161 Wassen UR_KF_KR 2026\Misc\Docu\21731.pdf"
D:\Videoprojekte\2.26.161 Wassen UR_KF_KR 2026\Misc\Docu\21749.pdf;5;"D:/Projekte\GEP_Wassen_2026\Importdateien\PDF\21749.pdf
D:/Projekte\GEP_Wassen_2026\Projektdateien\Imports\PDF\21749.pdf
D:/Projekte\wassentest\Importdateien\PDF\21749.pdf
D:/Projekte\wassentest\Schächte_Verteilt\21749\21749.pdf
D:/Videoprojekte\Wassen\2.26.161 Wassen UR_KF_KR 2026\Misc\Docu\21749.pdf"
D:\Videoprojekte\2.26.161 Wassen UR_KF_KR 2026\Misc\Docu\22542.pdf;5;"D:/Projekte\GEP_Wassen_2026\Importdateien\PDF\22542.pdf
D:/Projekte\GEP_Wassen_2026\Projektdateien\Imports\PDF\22542.pdf
D:/Projekte\wassentest\Importdateien\PDF\22542.pdf
D:/Projekte\wassentest\Schächte_Verteilt\22542\22542.pdf
D:/Videoprojekte\Wassen\2.26.161 Wassen UR_KF_KR 2026\Misc\Docu\22542.pdf"
D:\Videoprojekte\2.26.161 Wassen UR_KF_KR 2026\Misc\Docu\22735.pdf;5;"D:/Projekte\GEP_Wassen_2026\Importdateien\PDF\22735.pdf
D:/Projekte\GEP_Wassen_2026\Projektdateien\Imports\PDF\22735.pdf
D:/Projekte\wassentest\Importdateien\PDF\22735.pdf
D:/Projekte\wassentest\Schächte_Verteilt\22735\22735.pdf
D:/Videoprojekte\Wassen\2.26.161 Wassen UR_KF_KR 2026\Misc\Docu\22735.pdf"
D:\Videoprojekte\2.26.161 Wassen UR_KF_KR 2026\Misc\Docu\22833.pdf;5;"D:/Projekte\GEP_Wassen_2026\Importdateien\PDF\22833.pdf
D:/Projekte\GEP_Wassen_2026\Projektdateien\Imports\PDF\22833.pdf
D:/Projekte\wassentest\Importdateien\PDF\22833.pdf
D:/Projekte\wassentest\Schächte_Verteilt\22833\22833.pdf
D:/Videoprojekte\Wassen\2.26.161 Wassen UR_KF_KR 2026\Misc\Docu\22833.pdf"
D:\Videoprojekte\2.26.161 Wassen UR_KF_KR 2026\Misc\Docu\22834.pdf;5;"D:/Projekte\GEP_Wassen_2026\Importdateien\PDF\22834.pdf
D:/Projekte\GEP_Wassen_2026\Projektdateien\Imports\PDF\22834.pdf
D:/Projekte\wassentest\Importdateien\PDF\22834.pdf
D:/Projekte\wassentest\Schächte_Verteilt\22834\22834.pdf
D:/Videoprojekte\Wassen\2.26.161 Wassen UR_KF_KR 2026\Misc\Docu\22834.pdf"
D:\Videoprojekte\2.26.161 Wassen UR_KF_KR 2026\Misc\Docu\22835.pdf;5;"D:/Projekte\GEP_Wassen_2026\Importdateien\PDF\22835.pdf
D:/Projekte\GEP_Wassen_2026\Projektdateien\Imports\PDF\22835.pdf
D:/Projekte\wassentest\Importdateien\PDF\22835.pdf
D:/Projekte\wassentest\Schächte_Verteilt\22835\22835.pdf
D:/Videoprojekte\Wassen\2.26.161 Wassen UR_KF_KR 2026\Misc\Docu\22835.pdf"
D:\Videoprojekte\2.26.161 Wassen UR_KF_KR 2026\Misc\Docu\22836.pdf;5;"D:/Projekte\GEP_Wassen_2026\Importdateien\PDF\22836.pdf
D:/Projekte\GEP_Wassen_2026\Projektdateien\Imports\PDF\22836.pdf
D:/Projekte\wassentest\Importdateien\PDF\22836.pdf
D:/Projekte\wassentest\Schächte_Verteilt\22836\22836.pdf
D:/Videoprojekte\Wassen\2.26.161 Wassen UR_KF_KR 2026\Misc\Docu\22836.pdf"
D:\Videoprojekte\2.26.161 Wassen UR_KF_KR 2026\Misc\Docu\22838.pdf;5;"D:/Projekte\GEP_Wassen_2026\Importdateien\PDF\22838.pdf
D:/Projekte\GEP_Wassen_2026\Projektdateien\Imports\PDF\22838.pdf
D:/Projekte\wassentest\Importdateien\PDF\22838.pdf
D:/Projekte\wassentest\Schächte_Verteilt\22838\22838.pdf
D:/Videoprojekte\Wassen\2.26.161 Wassen UR_KF_KR 2026\Misc\Docu\22838.pdf"
D:\Videoprojekte\2.26.161 Wassen UR_KF_KR 2026\Misc\Docu\22839.pdf;5;"D:/Projekte\GEP_Wassen_2026\Importdateien\PDF\22839.pdf
D:/Projekte\GEP_Wassen_2026\Projektdateien\Imports\PDF\22839.pdf
D:/Projekte\wassentest\Importdateien\PDF\22839.pdf
D:/Projekte\wassentest\Schächte_Verteilt\22839\22839.pdf
D:/Videoprojekte\Wassen\2.26.161 Wassen UR_KF_KR 2026\Misc\Docu\22839.pdf"
D:\Videoprojekte\2.26.161 Wassen UR_KF_KR 2026\Misc\Docu\22840.pdf;5;"D:/Projekte\GEP_Wassen_2026\Importdateien\PDF\22840.pdf
D:/Projekte\GEP_Wassen_2026\Projektdateien\Imports\PDF\22840.pdf
D:/Projekte\wassentest\Importdateien\PDF\22840.pdf
D:/Projekte\wassentest\Schächte_Verteilt\22840\22840.pdf
D:/Videoprojekte\Wassen\2.26.161 Wassen UR_KF_KR 2026\Misc\Docu\22840.pdf"
D:\Videoprojekte\2.26.161 Wassen UR_KF_KR 2026\Misc\Docu\22841.pdf;5;"D:/Projekte\GEP_Wassen_2026\Importdateien\PDF\22841.pdf
D:/Projekte\GEP_Wassen_2026\Projektdateien\Imports\PDF\22841.pdf
D:/Projekte\wassentest\Importdateien\PDF\22841.pdf
D:/Projekte\wassentest\Schächte_Verteilt\22841\22841.pdf
D:/Videoprojekte\Wassen\2.26.161 Wassen UR_KF_KR 2026\Misc\Docu\22841.pdf"
D:\Videoprojekte\2.26.161 Wassen UR_KF_KR 2026\Misc\Docu\23012.pdf;5;"D:/Projekte\GEP_Wassen_2026\Importdateien\PDF\23012.pdf
D:/Projekte\GEP_Wassen_2026\Projektdateien\Imports\PDF\23012.pdf
D:/Projekte\wassentest\Importdateien\PDF\23012.pdf
D:/Projekte\wassentest\Schächte_Verteilt\23012\23012.pdf
D:/Videoprojekte\Wassen\2.26.161 Wassen UR_KF_KR 2026\Misc\Docu\23012.pdf"
D:\Videoprojekte\2.26.161 Wassen UR_KF_KR 2026\Misc\Docu\23014.pdf;5;"D:/Projekte\GEP_Wassen_2026\Importdateien\PDF\23014.pdf
D:/Projekte\GEP_Wassen_2026\Projektdateien\Imports\PDF\23014.pdf
D:/Projekte\wassentest\Importdateien\PDF\23014.pdf
D:/Projekte\wassentest\Schächte_Verteilt\23014\23014.pdf
D:/Videoprojekte\Wassen\2.26.161 Wassen UR_KF_KR 2026\Misc\Docu\23014.pdf"
D:\Videoprojekte\2.26.161 Wassen UR_KF_KR 2026\Misc\Docu\23021.pdf;5;"D:/Projekte\GEP_Wassen_2026\Importdateien\PDF\23021.pdf
D:/Projekte\GEP_Wassen_2026\Projektdateien\Imports\PDF\23021.pdf
D:/Projekte\wassentest\Importdateien\PDF\23021.pdf
D:/Projekte\wassentest\Schächte_Verteilt\23021\23021.pdf
D:/Videoprojekte\Wassen\2.26.161 Wassen UR_KF_KR 2026\Misc\Docu\23021.pdf"
D:\Videoprojekte\2.26.161 Wassen UR_KF_KR 2026\Misc\Docu\324594.pdf;5;"D:/Projekte\GEP_Wassen_2026\Importdateien\PDF\324594.pdf
D:/Projekte\GEP_Wassen_2026\Projektdateien\Imports\PDF\324594.pdf
D:/Projekte\wassentest\Importdateien\PDF\324594.pdf
D:/Projekte\wassentest\Schächte_Verteilt\324594\324594.pdf
D:/Videoprojekte\Wassen\2.26.161 Wassen UR_KF_KR 2026\Misc\Docu\324594.pdf"
D:\Videoprojekte\2.26.161 Wassen UR_KF_KR 2026\Misc\Docu\345402.pdf;5;"D:/Projekte\GEP_Wassen_2026\Importdateien\PDF\345402.pdf
D:/Projekte\GEP_Wassen_2026\Projektdateien\Imports\PDF\345402.pdf
D:/Projekte\wassentest\Importdateien\PDF\345402.pdf
D:/Projekte\wassentest\Schächte_Verteilt\345402\345402.pdf
D:/Videoprojekte\Wassen\2.26.161 Wassen UR_KF_KR 2026\Misc\Docu\345402.pdf"
D:\Videoprojekte\2.26.161 Wassen UR_KF_KR 2026\Misc\Docu\345436.pdf;5;"D:/Projekte\GEP_Wassen_2026\Importdateien\PDF\345436.pdf
D:/Projekte\GEP_Wassen_2026\Projektdateien\Imports\PDF\345436.pdf
D:/Projekte\wassentest\Importdateien\PDF\345436.pdf
D:/Projekte\wassentest\Schächte_Verteilt\345436\345436.pdf
D:/Videoprojekte\Wassen\2.26.161 Wassen UR_KF_KR 2026\Misc\Docu\345436.pdf"
D:\Videoprojekte\Altdorf_Seilergasse_29883 _1025_Export\Altdorf_Seilergasse_29883  _1025_Export\DISK1\PDF\Schachtprotokoll\78998.pdf;3;"D:/Projekte\Seilergasse Test export\Importdateien\PDF\78998.pdf
D:/Projekte\Test\Importdateien\PDF\78998.pdf
D:/Videoprojekte\Altdorf\Altdorf_Seilergasse_29883 _1025_Export\Altdorf_Seilergasse_29883  _1025_Export\DISK1\PDF\Schachtprotokoll\78998.pdf"
D:\Videoprojekte\Altdorf_Seilergasse_29883 _1025_Export\Altdorf_Seilergasse_29883  _1025_Export\DISK1\PDF\Section_PDF\Section_3_78998-79002.pdf;3;"D:/Projekte\Seilergasse Test export\Importdateien\PDF\Section_3_78998-79002.pdf
D:/Projekte\Test\Importdateien\PDF\Section_3_78998-79002.pdf
D:/Videoprojekte\Altdorf\Altdorf_Seilergasse_29883 _1025_Export\Altdorf_Seilergasse_29883  _1025_Export\DISK1\PDF\Section_PDF\Section_3_78998-79002.pdf"
D:\Videoprojekte\Altdorf_Seilergasse_29883 _1025_Export\Altdorf_Seilergasse_29883  _1025_Export\DISK1\Projects\Altdorf_Seilergasse_29883  _1025\Misc\Docu\78998-79002\Section_3_78998-79002_1.pdf;3;"D:/Projekte\Seilergasse Test export\Importdateien\PDF\Section_3_78998-79002_1.pdf
D:/Projekte\Test\Importdateien\PDF\Section_3_78998-79002_1.pdf
D:/Videoprojekte\Altdorf\Altdorf_Seilergasse_29883 _1025_Export\Altdorf_Seilergasse_29883  _1025_Export\DISK1\Projects\Altdorf_Seilergasse_29883  _1025\Misc\Docu\78998-79002\Section_3_78998-79002_1.pdf"
D:\Videoprojekte\Erstfeld_Jagdmatt_38454_0426_Export\Report\H_33431-36275.pdf;7;"D:/Projekte\Haltungen\33431-36275\PDF\H_33431-36275.pdf
D:/Projekte\Jagdmatt_2026\Importdateien\PDF\H_33431-36275.pdf
D:/Projekte\Jagdmatt_2026\Imports\PDF\H_33431-36275.pdf
D:/Projekte\Jagdmatt_Erstfeld_2026\Haltungen_Verteilt\33431-36275\H_33431-36275.pdf
D:/Projekte\Jagdmatt_Erstfeld_2026\Importdateien\PDF\H_33431-36275.pdf
D:/Videoprojekte\Erstfeld\Erstfeld_Jagdmatt_38454_0426\Erstfeld_Jagdmatt_38454_0426_Export\Report\H_33431-36275.pdf
D:/Videoprojekte\Erstfeld\Erstfeld_Jagdmatt_38454_0426_Export\Report\H_33431-36275.pdf"
D:\Videoprojekte\Erstfeld_Jagdmatt_38454_0426_Export\Report\L_7.34786-952.01.pdf;8;"D:/Projekte\Haltungen\33431-36275\PDF\L_7.34786-952.01.pdf
D:/Projekte\Haltungen\7.34786-952.01\PDF\L_7.34786-952.01.pdf
D:/Projekte\Jagdmatt_2026\Importdateien\PDF\L_7.34786-952.01.pdf
D:/Projekte\Jagdmatt_2026\Imports\PDF\L_7.34786-952.01.pdf
D:/Projekte\Jagdmatt_Erstfeld_2026\Haltungen_Verteilt\7.34786-952.01\L_7.34786-952.01.pdf
D:/Projekte\Jagdmatt_Erstfeld_2026\Importdateien\PDF\L_7.34786-952.01.pdf
D:/Videoprojekte\Erstfeld\Erstfeld_Jagdmatt_38454_0426\Erstfeld_Jagdmatt_38454_0426_Export\Report\L_7.34786-952.01.pdf
D:/Videoprojekte\Erstfeld\Erstfeld_Jagdmatt_38454_0426_Export\Report\L_7.34786-952.01.pdf"
D:\Videoprojekte\Erstfeld_Jagdmatt_38454_0426_Export\Report\L_952.02-952.03.pdf;8;"D:/Projekte\Haltungen\33431-36275\PDF\L_952.02-952.03.pdf
D:/Projekte\Haltungen\952.02-952.03\PDF\L_952.02-952.03.pdf
D:/Projekte\Jagdmatt_2026\Importdateien\PDF\L_952.02-952.03.pdf
D:/Projekte\Jagdmatt_2026\Imports\PDF\L_952.02-952.03.pdf
D:/Projekte\Jagdmatt_Erstfeld_2026\Haltungen_Verteilt\952.02-952.03\L_952.02-952.03.pdf
D:/Projekte\Jagdmatt_Erstfeld_2026\Importdateien\PDF\L_952.02-952.03.pdf
D:/Videoprojekte\Erstfeld\Erstfeld_Jagdmatt_38454_0426\Erstfeld_Jagdmatt_38454_0426_Export\Report\L_952.02-952.03.pdf
D:/Videoprojekte\Erstfeld\Erstfeld_Jagdmatt_38454_0426_Export\Report\L_952.02-952.03.pdf"
D:\Videoprojekte\Erstfeld_Jagdmatt_38454_0426_Export\Report\L_33429-952.06.pdf;7;"D:/Projekte\Haltungen\33429-952.06\PDF\L_33429-952.06.pdf
D:/Projekte\Jagdmatt_2026\Importdateien\PDF\L_33429-952.06.pdf
D:/Projekte\Jagdmatt_2026\Imports\PDF\L_33429-952.06.pdf
D:/Projekte\Jagdmatt_Erstfeld_2026\Haltungen_Verteilt\33429-952.06\L_33429-952.06.pdf
D:/Projekte\Jagdmatt_Erstfeld_2026\Importdateien\PDF\L_33429-952.06.pdf
D:/Videoprojekte\Erstfeld\Erstfeld_Jagdmatt_38454_0426\Erstfeld_Jagdmatt_38454_0426_Export\Report\L_33429-952.06.pdf
D:/Videoprojekte\Erstfeld\Erstfeld_Jagdmatt_38454_0426_Export\Report\L_33429-952.06.pdf"
D:\Videoprojekte\Erstfeld_Jagdmatt_38454_0426_Export\Report\H_35558-35559.pdf;7;"D:/Projekte\Haltungen\35558-35559\PDF\H_35558-35559.pdf
D:/Projekte\Jagdmatt_2026\Importdateien\PDF\H_35558-35559.pdf
D:/Projekte\Jagdmatt_2026\Imports\PDF\H_35558-35559.pdf
D:/Projekte\Jagdmatt_Erstfeld_2026\Haltungen_Verteilt\35558-35559\H_35558-35559.pdf
D:/Projekte\Jagdmatt_Erstfeld_2026\Importdateien\PDF\H_35558-35559.pdf
D:/Videoprojekte\Erstfeld\Erstfeld_Jagdmatt_38454_0426\Erstfeld_Jagdmatt_38454_0426_Export\Report\H_35558-35559.pdf
D:/Videoprojekte\Erstfeld\Erstfeld_Jagdmatt_38454_0426_Export\Report\H_35558-35559.pdf"
D:\Videoprojekte\Erstfeld_Jagdmatt_38454_0426_Export\Report\L_36298-10.25751.pdf;8;"D:/Projekte\Haltungen\35558-35559\PDF\L_36298-10.25751.pdf
D:/Projekte\Haltungen\36298-10.25751\PDF\L_36298-10.25751.pdf
D:/Projekte\Jagdmatt_2026\Importdateien\PDF\L_36298-10.25751.pdf
D:/Projekte\Jagdmatt_2026\Imports\PDF\L_36298-10.25751.pdf
D:/Projekte\Jagdmatt_Erstfeld_2026\Haltungen_Verteilt\36298-10.25751\L_36298-10.25751.pdf
D:/Projekte\Jagdmatt_Erstfeld_2026\Importdateien\PDF\L_36298-10.25751.pdf
D:/Videoprojekte\Erstfeld\Erstfeld_Jagdmatt_38454_0426\Erstfeld_Jagdmatt_38454_0426_Export\Report\L_36298-10.25751.pdf
D:/Videoprojekte\Erstfeld\Erstfeld_Jagdmatt_38454_0426_Export\Report\L_36298-10.25751.pdf"
D:\Videoprojekte\Erstfeld_Jagdmatt_38454_0426_Export\Report\L_36300-10.142801.pdf;8;"D:/Projekte\Haltungen\35558-35559\PDF\L_36300-10.142801.pdf
D:/Projekte\Haltungen\36300-10.142801\PDF\L_36300-10.142801.pdf
D:/Projekte\Jagdmatt_2026\Importdateien\PDF\L_36300-10.142801.pdf
D:/Projekte\Jagdmatt_2026\Imports\PDF\L_36300-10.142801.pdf
D:/Projekte\Jagdmatt_Erstfeld_2026\Haltungen_Verteilt\36300-10.142801\L_36300-10.142801.pdf
D:/Projekte\Jagdmatt_Erstfeld_2026\Importdateien\PDF\L_36300-10.142801.pdf
D:/Videoprojekte\Erstfeld\Erstfeld_Jagdmatt_38454_0426\Erstfeld_Jagdmatt_38454_0426_Export\Report\L_36300-10.142801.pdf
D:/Videoprojekte\Erstfeld\Erstfeld_Jagdmatt_38454_0426_Export\Report\L_36300-10.142801.pdf"
D:\Videoprojekte\Erstfeld_Jagdmatt_38454_0426_Export\Report\H_36053-36052.pdf;7;"D:/Projekte\Haltungen\36053-36052\PDF\H_36053-36052.pdf
D:/Projekte\Jagdmatt_2026\Importdateien\PDF\H_36053-36052.pdf
D:/Projekte\Jagdmatt_2026\Imports\PDF\H_36053-36052.pdf
D:/Projekte\Jagdmatt_Erstfeld_2026\Haltungen_Verteilt\36053-36052\H_36053-36052.pdf
D:/Projekte\Jagdmatt_Erstfeld_2026\Importdateien\PDF\H_36053-36052.pdf
D:/Videoprojekte\Erstfeld\Erstfeld_Jagdmatt_38454_0426\Erstfeld_Jagdmatt_38454_0426_Export\Report\H_36053-36052.pdf
D:/Videoprojekte\Erstfeld\Erstfeld_Jagdmatt_38454_0426_Export\Report\H_36053-36052.pdf"
D:\Videoprojekte\Erstfeld_Jagdmatt_38454_0426_Export\Report\L_33454-7.26898.pdf;7;"D:/Projekte\Haltungen\33454-7.26898\PDF\L_33454-7.26898.pdf
D:/Projekte\Jagdmatt_2026\Importdateien\PDF\L_33454-7.26898.pdf
D:/Projekte\Jagdmatt_2026\Imports\PDF\L_33454-7.26898.pdf
D:/Projekte\Jagdmatt_Erstfeld_2026\Haltungen_Verteilt\33454-7.26898\L_33454-7.26898.pdf
D:/Projekte\Jagdmatt_Erstfeld_2026\Importdateien\PDF\L_33454-7.26898.pdf
D:/Videoprojekte\Erstfeld\Erstfeld_Jagdmatt_38454_0426\Erstfeld_Jagdmatt_38454_0426_Export\Report\L_33454-7.26898.pdf
D:/Videoprojekte\Erstfeld\Erstfeld_Jagdmatt_38454_0426_Export\Report\L_33454-7.26898.pdf"
D:\Videoprojekte\Erstfeld_Jagdmatt_38454_0426_Export\Report\H_36297-36298.pdf;7;"D:/Projekte\Haltungen\36297-36298\PDF\H_36297-36298.pdf
D:/Projekte\Jagdmatt_2026\Importdateien\PDF\H_36297-36298.pdf
D:/Projekte\Jagdmatt_2026\Imports\PDF\H_36297-36298.pdf
D:/Projekte\Jagdmatt_Erstfeld_2026\Haltungen_Verteilt\36297-36298\H_36297-36298.pdf
D:/Projekte\Jagdmatt_Erstfeld_2026\Importdateien\PDF\H_36297-36298.pdf
D:/Videoprojekte\Erstfeld\Erstfeld_Jagdmatt_38454_0426\Erstfeld_Jagdmatt_38454_0426_Export\Report\H_36297-36298.pdf
D:/Videoprojekte\Erstfeld\Erstfeld_Jagdmatt_38454_0426_Export\Report\H_36297-36298.pdf"
D:\Videoprojekte\Erstfeld_Jagdmatt_38454_0426_Export\Report\L_982.02-982.03.pdf;8;"D:/Projekte\Haltungen\36297-36298\PDF\L_982.02-982.03.pdf
D:/Projekte\Haltungen\982.02-982.03\PDF\L_982.02-982.03.pdf
D:/Projekte\Jagdmatt_2026\Importdateien\PDF\L_982.02-982.03.pdf
D:/Projekte\Jagdmatt_2026\Imports\PDF\L_982.02-982.03.pdf
D:/Projekte\Jagdmatt_Erstfeld_2026\Haltungen_Verteilt\982.02-982.03\L_982.02-982.03.pdf
D:/Projekte\Jagdmatt_Erstfeld_2026\Importdateien\PDF\L_982.02-982.03.pdf
D:/Videoprojekte\Erstfeld\Erstfeld_Jagdmatt_38454_0426\Erstfeld_Jagdmatt_38454_0426_Export\Report\L_982.02-982.03.pdf
D:/Videoprojekte\Erstfeld\Erstfeld_Jagdmatt_38454_0426_Export\Report\L_982.02-982.03.pdf"
D:\Videoprojekte\Erstfeld_Jagdmatt_38454_0426_Export\Report\L_982.04-982.05.pdf;8;"D:/Projekte\Haltungen\36297-36298\PDF\L_982.04-982.05.pdf
D:/Projekte\Haltungen\982.04-982.05\PDF\L_982.04-982.05.pdf
D:/Projekte\Jagdmatt_2026\Importdateien\PDF\L_982.04-982.05.pdf
D:/Projekte\Jagdmatt_2026\Imports\PDF\L_982.04-982.05.pdf
D:/Projekte\Jagdmatt_Erstfeld_2026\Haltungen_Verteilt\982.04-982.05\L_982.04-982.05.pdf
D:/Projekte\Jagdmatt_Erstfeld_2026\Importdateien\PDF\L_982.04-982.05.pdf
D:/Videoprojekte\Erstfeld\Erstfeld_Jagdmatt_38454_0426\Erstfeld_Jagdmatt_38454_0426_Export\Report\L_982.04-982.05.pdf
D:/Videoprojekte\Erstfeld\Erstfeld_Jagdmatt_38454_0426_Export\Report\L_982.04-982.05.pdf"
D:\Videoprojekte\Erstfeld_Jagdmatt_38454_0426_Export\Report\L_33395-7.26149.pdf;8;"D:/Projekte\Haltungen\33395-7.26149\PDF\L_33395-7.26149.pdf
D:/Projekte\Haltungen\36297-36298\PDF\L_33395-7.26149.pdf
D:/Projekte\Jagdmatt_2026\Importdateien\PDF\L_33395-7.26149.pdf
D:/Projekte\Jagdmatt_2026\Imports\PDF\L_33395-7.26149.pdf
D:/Projekte\Jagdmatt_Erstfeld_2026\Haltungen_Verteilt\33395-7.26149\L_33395-7.26149.pdf
D:/Projekte\Jagdmatt_Erstfeld_2026\Importdateien\PDF\L_33395-7.26149.pdf
D:/Videoprojekte\Erstfeld\Erstfeld_Jagdmatt_38454_0426\Erstfeld_Jagdmatt_38454_0426_Export\Report\L_33395-7.26149.pdf
D:/Videoprojekte\Erstfeld\Erstfeld_Jagdmatt_38454_0426_Export\Report\L_33395-7.26149.pdf"
D:\Videoprojekte\Erstfeld_Jagdmatt_38454_0426_Export\Report\L_33396-982.01.pdf;7;"D:/Projekte\Haltungen\33396-982.01\PDF\L_33396-982.01.pdf
D:/Projekte\Jagdmatt_2026\Importdateien\PDF\L_33396-982.01.pdf
D:/Projekte\Jagdmatt_2026\Imports\PDF\L_33396-982.01.pdf
D:/Projekte\Jagdmatt_Erstfeld_2026\Haltungen_Verteilt\33396-982.01\L_33396-982.01.pdf
D:/Projekte\Jagdmatt_Erstfeld_2026\Importdateien\PDF\L_33396-982.01.pdf
D:/Videoprojekte\Erstfeld\Erstfeld_Jagdmatt_38454_0426\Erstfeld_Jagdmatt_38454_0426_Export\Report\L_33396-982.01.pdf
D:/Videoprojekte\Erstfeld\Erstfeld_Jagdmatt_38454_0426_Export\Report\L_33396-982.01.pdf"
F:\Neuer Ordner\LightViewer_Bauen\Projects\Bauen\Misc\Docu\S-1-0-0.pdf;2;"D:/Projekte\Im_Dorf_2_6466_Bauen\Importdateien\PDF\S-1-0-0.pdf
D:/Projekte\LightViewer_Bauen\Projects\Bauen\Misc\Docu\S-1-0-0.pdf"
F:\test1.15\80397-80515\20250926_80397-80515.pdf;1;D:/Projekte\Zone 1.15\Haltungen_Verteilt\80397-80515\20250926_80397-80515.pdf
F:\test1.15\80441-80704\20250926_80441-80704.pdf;1;D:/Projekte\Zone 1.15\Haltungen_Verteilt\80441-80704\20250926_80441-80704.pdf
F:\test1.15\80722-80783\20250929_80722-80783.pdf;1;D:/Projekte\Zone 1.15\Haltungen_Verteilt\80722-80783\20250929_80722-80783.pdf
G:\Sanierung obere Hellgasse\24019_Hellgassef__2024-10-25_Schachtprotokolle\24019_Hellgassef__2024-10-25_Schachtprotokolle\74091.pdf;1;D:/Projekte\obere Hellgasse\Importdateien\PDF\74091.pdf
G:\Sanierung obere Hellgasse\24019_Hellgassef__2024-10-25_Schachtprotokolle\24019_Hellgassef__2024-10-25_Schachtprotokolle\80685.pdf;5;"D:/Projekte\GEP_Altdorf_2025_Zone_1.15_29261_925_Export\DISK1\PDF\Schacht Protokoll 1.15\80685.pdf
D:/Projekte\obere Hellgasse\Importdateien\PDF\80685.pdf
D:/Projekte\Zone 1.15\Importdateien\PDF\80685.pdf
D:/Projekte\Zone 1.15\Imports\PDF\80685.pdf
D:/Videoprojekte\Altdorf\GEP_Altdorf_2025_Zone_1.15_29261_925_Export\GEP_Altdorf_2025_Zone_1.15_29261_925_Export\DISK1\PDF\Schacht Protokoll 1.15\80685.pdf"
G:\Sanierung obere Hellgasse\24019_Hellgassef__2024-10-25_Schachtprotokolle\24019_Hellgassef__2024-10-25_Schachtprotokolle\80706.pdf;5;"D:/Projekte\GEP_Altdorf_2025_Zone_1.15_29261_925_Export\DISK1\PDF\Schacht Protokoll 1.15\80706.pdf
D:/Projekte\obere Hellgasse\Importdateien\PDF\80706.pdf
D:/Projekte\Zone 1.15\Importdateien\PDF\80706.pdf
D:/Projekte\Zone 1.15\Imports\PDF\80706.pdf
D:/Videoprojekte\Altdorf\GEP_Altdorf_2025_Zone_1.15_29261_925_Export\GEP_Altdorf_2025_Zone_1.15_29261_925_Export\DISK1\PDF\Schacht Protokoll 1.15\80706.pdf"
G:\Sanierung obere Hellgasse\24019_Hellgassef__2024-10-25_Schachtprotokolle\24019_Hellgassef__2024-10-25_Schachtprotokolle\80707.pdf;5;"D:/Projekte\GEP_Altdorf_2025_Zone_1.15_29261_925_Export\DISK1\PDF\Schacht Protokoll 1.15\80707.pdf
D:/Projekte\obere Hellgasse\Importdateien\PDF\80707.pdf
D:/Projekte\Zone 1.15\Importdateien\PDF\80707.pdf
D:/Projekte\Zone 1.15\Imports\PDF\80707.pdf
D:/Videoprojekte\Altdorf\GEP_Altdorf_2025_Zone_1.15_29261_925_Export\GEP_Altdorf_2025_Zone_1.15_29261_925_Export\DISK1\PDF\Schacht Protokoll 1.15\80707.pdf"
G:\Sanierung obere Hellgasse\24019_Hellgassef__2024-10-25_Schachtprotokolle\24019_Hellgassef__2024-10-25_Schachtprotokolle\80713.pdf;1;D:/Projekte\obere Hellgasse\Importdateien\PDF\80713.pdf
G:\Sanierung obere Hellgasse\24019_Hellgassef__2024-10-25_Schachtprotokolle\24019_Hellgassef__2024-10-25_Schachtprotokolle\80722.pdf;6;"D:/Projekte\GEP_Altdorf_2025_Zone_1.15_29261_925_Export\DISK1\PDF\Schacht Protokoll 1.15\80722.pdf
D:/Projekte\obere Hellgasse\Importdateien\PDF\80722.pdf
D:/Projekte\Zone 1.15\Importdateien\PDF\80722.pdf
D:/Projekte\Zone 1.15\Imports\PDF\80722.pdf
D:/Projekte\Zone 1.15\Schächte_Verteilt\80722\80722.pdf
D:/Videoprojekte\Altdorf\GEP_Altdorf_2025_Zone_1.15_29261_925_Export\GEP_Altdorf_2025_Zone_1.15_29261_925_Export\DISK1\PDF\Schacht Protokoll 1.15\80722.pdf"
G:\Sanierung obere Hellgasse\24019_Hellgassef__2024-10-25_Schachtprotokolle\24019_Hellgassef__2024-10-25_Schachtprotokolle\80783.pdf;5;"D:/Projekte\GEP_Altdorf_2025_Zone_1.15_29261_925_Export\DISK1\PDF\Schacht Protokoll 1.15\80783.pdf
D:/Projekte\obere Hellgasse\Importdateien\PDF\80783.pdf
D:/Projekte\Zone 1.15\Importdateien\PDF\80783.pdf
D:/Projekte\Zone 1.15\Imports\PDF\80783.pdf
D:/Videoprojekte\Altdorf\GEP_Altdorf_2025_Zone_1.15_29261_925_Export\GEP_Altdorf_2025_Zone_1.15_29261_925_Export\DISK1\PDF\Schacht Protokoll 1.15\80783.pdf"
G:\Sanierung obere Hellgasse\24019_Hellgassef__2024-10-25_Schachtprotokolle\24019_Hellgassef__2024-10-25_Schachtprotokolle\80823.pdf;1;D:/Projekte\obere Hellgasse\Importdateien\PDF\80823.pdf
G:\Sanierung obere Hellgasse\24019_Hellgassef__2024-10-25_Schachtprotokolle\24019_Hellgassef__2024-10-25_Schachtprotokolle\80872.pdf;5;"D:/Projekte\GEP_Altdorf_2025_Zone_1.15_29261_925_Export\DISK1\PDF\Schacht Protokoll 1.15\80872.pdf
D:/Projekte\obere Hellgasse\Importdateien\PDF\80872.pdf
D:/Projekte\Zone 1.15\Importdateien\PDF\80872.pdf
D:/Projekte\Zone 1.15\Imports\PDF\80872.pdf
D:/Videoprojekte\Altdorf\GEP_Altdorf_2025_Zone_1.15_29261_925_Export\GEP_Altdorf_2025_Zone_1.15_29261_925_Export\DISK1\PDF\Schacht Protokoll 1.15\80872.pdf"
G:\Sanierung obere Hellgasse\24019_Hellgassef__2024-10-25_Schachtprotokolle\24019_Hellgassef__2024-10-25_Schachtprotokolle\80879.pdf;1;D:/Projekte\obere Hellgasse\Importdateien\PDF\80879.pdf
G:\Sanierung obere Hellgasse\24019_Hellgassef__2024-10-25_Schachtprotokolle\24019_Hellgassef__2024-10-25_Schachtprotokolle\80904.pdf;1;D:/Projekte\obere Hellgasse\Importdateien\PDF\80904.pdf
G:\Sanierung obere Hellgasse\24019_Hellgassef__2024-10-25_Schachtprotokolle\24019_Hellgassef__2024-10-25_Schachtprotokolle\80908.pdf;1;D:/Projekte\obere Hellgasse\Importdateien\PDF\80908.pdf
G:\Sanierung obere Hellgasse\24019_Hellgassef__2024-10-25_Schachtprotokolle\24019_Hellgassef__2024-10-25_Schachtprotokolle\80938.pdf;1;D:/Projekte\obere Hellgasse\Importdateien\PDF\80938.pdf
G:\Sanierung obere Hellgasse\24019_Hellgassef__2024-10-25_Schachtprotokolle\24019_Hellgassef__2024-10-25_Schachtprotokolle\81046.pdf;1;D:/Projekte\obere Hellgasse\Importdateien\PDF\81046.pdf
G:\Sanierung obere Hellgasse\24019_Hellgassef__2024-10-25_Schachtprotokolle\24019_Hellgassef__2024-10-25_Schachtprotokolle\81334.pdf;1;D:/Projekte\obere Hellgasse\Importdateien\PDF\81334.pdf
G:\Sanierung obere Hellgasse\24019_Hellgassef__2024-10-25_Schachtprotokolle\24019_Hellgassef__2024-10-25_Schachtprotokolle\892037.pdf;1;D:/Projekte\obere Hellgasse\Importdateien\PDF\892037.pdf
G:\Sanierung obere Hellgasse\24019_Hellgassef__2024-10-25_Schachtprotokolle\24019_Hellgassef__2024-10-25_Schachtprotokolle\892040.pdf;1;D:/Projekte\obere Hellgasse\Importdateien\PDF\892040.pdf
G:\Sanierung obere Hellgasse\24019_Hellgassef__2024-10-25_Schachtprotokolle\24019_Hellgassef__2024-10-25_Schachtprotokolle\892046.pdf;1;D:/Projekte\obere Hellgasse\Importdateien\PDF\892046.pdf
G:\Sanierung_Andermatt_GKS\2.26.046 Andermatt Zone 2.08_Bodenstrasse\Projects\2.26.046 Andermatt Zone 2.08_Bodenstrasse\Misc\Docu\Aushärtungsprotokoll H10.pdf;2;"D:/Projekte\Zone_Sanierung_Andermatt_GKS\Importdateien\PDF\Aushärtungsprotokoll H10.pdf
D:/Projekte\Zone_Sanierung_Andermatt_GKS\Imports\PDF\Aushärtungsprotokoll H10.pdf"
G:\Sanierung_Andermatt_GKS\2.26.046 Andermatt Zone 2.08_Bodenstrasse\Projects\2.26.046 Andermatt Zone 2.08_Bodenstrasse\Misc\Docu\DP H10.pdf;2;"D:/Projekte\Zone_Sanierung_Andermatt_GKS\Importdateien\PDF\DP H10.pdf
D:/Projekte\Zone_Sanierung_Andermatt_GKS\Imports\PDF\DP H10.pdf"
G:\Sanierung_Andermatt_GKS\2.26.046 Andermatt Zone 2.08_Bodenstrasse\Projects\2.26.046 Andermatt Zone 2.08_Bodenstrasse\Misc\Docu\Deformationsmessung\SCB_H18.pdf;2;"D:/Projekte\Zone_Sanierung_Andermatt_GKS\Importdateien\PDF\SCB_H18.pdf
D:/Projekte\Zone_Sanierung_Andermatt_GKS\Imports\PDF\SCB_H18.pdf"
G:\Sanierung_Andermatt_GKS\2.26.046 Andermatt Zone 2.08_Bodenstrasse\Projects\2.26.046 Andermatt Zone 2.08_Bodenstrasse\Misc\Docu\Deformationsmessung\SC_H18.pdf;2;"D:/Projekte\Zone_Sanierung_Andermatt_GKS\Importdateien\PDF\SC_H18.pdf
D:/Projekte\Zone_Sanierung_Andermatt_GKS\Imports\PDF\SC_H18.pdf"
G:\Sanierung_Andermatt_GKS\2.26.046 Andermatt Zone 2.08_Bodenstrasse\Projects\2.26.046 Andermatt Zone 2.08_Bodenstrasse\Misc\Docu\Deformationsmessung\SCB_H19.pdf;2;"D:/Projekte\Zone_Sanierung_Andermatt_GKS\Importdateien\PDF\SCB_H19.pdf
D:/Projekte\Zone_Sanierung_Andermatt_GKS\Imports\PDF\SCB_H19.pdf"
G:\Sanierung_Andermatt_GKS\2.26.046 Andermatt Zone 2.08_Bodenstrasse\Projects\2.26.046 Andermatt Zone 2.08_Bodenstrasse\Misc\Docu\Deformationsmessung\SC_H19.pdf;2;"D:/Projekte\Zone_Sanierung_Andermatt_GKS\Importdateien\PDF\SC_H19.pdf
D:/Projekte\Zone_Sanierung_Andermatt_GKS\Imports\PDF\SC_H19.pdf"
G:\Sanierung_Andermatt_GKS\2.26.046 Andermatt Zone 2.08_Bodenstrasse\Projects\2.26.046 Andermatt Zone 2.08_Bodenstrasse\Misc\Docu\Deformationsmessung\SCB_H20.pdf;2;"D:/Projekte\Zone_Sanierung_Andermatt_GKS\Importdateien\PDF\SCB_H20.pdf
D:/Projekte\Zone_Sanierung_Andermatt_GKS\Imports\PDF\SCB_H20.pdf"
G:\Sanierung_Andermatt_GKS\2.26.046 Andermatt Zone 2.08_Bodenstrasse\Projects\2.26.046 Andermatt Zone 2.08_Bodenstrasse\Misc\Docu\Deformationsmessung\SC_H20.pdf;2;"D:/Projekte\Zone_Sanierung_Andermatt_GKS\Importdateien\PDF\SC_H20.pdf
D:/Projekte\Zone_Sanierung_Andermatt_GKS\Imports\PDF\SC_H20.pdf"
G:\Sanierung_Andermatt_GKS\2.26.049 Andermatt Zone 2.11_Missionsweg_Kirchgasse\Projects\2.26.049 Andermatt Zone 2.11_Missionsweg_Kirchgasse\Misc\Docu\Aushärtungsprotokoll H10.pdf;2;"D:/Projekte\Zone_Sanierung_Andermatt_GKS\Importdateien\PDF\Aushärtungsprotokoll H10.pdf
D:/Projekte\Zone_Sanierung_Andermatt_GKS\Imports\PDF\Aushärtungsprotokoll H10.pdf"
G:\Sanierung_Andermatt_GKS\2.26.049 Andermatt Zone 2.11_Missionsweg_Kirchgasse\Projects\2.26.049 Andermatt Zone 2.11_Missionsweg_Kirchgasse\Misc\Docu\DP H10.pdf;2;"D:/Projekte\Zone_Sanierung_Andermatt_GKS\Importdateien\PDF\DP H10.pdf
D:/Projekte\Zone_Sanierung_Andermatt_GKS\Imports\PDF\DP H10.pdf"
G:\Sanierung_Andermatt_GKS\Sanierung_Verteilt\06.8360-2835\20260730_06.8360-2835_Saniert 2026\20260730_06.8360-2835.mp4;1;D:/Projekte\Zone_Sanierung_Andermatt_GKS\Haltungen_Verteilt\06.8360-2835\20260730_06.8360-2835.mp4
G:\Sanierung_Andermatt_GKS\Sanierung_Verteilt\2199-2198\20260730_2199-2198_Saniert 2026\20260730_2199-2198.mp4;1;D:/Projekte\Zone_Sanierung_Andermatt_GKS\Haltungen_Verteilt\2199-2198\20260730_2199-2198.mp4
G:\Sanierung_Andermatt_GKS\Sanierung_Verteilt\2413-327015\20260730_2413-327015_Saniert 2026\20260730_2413-327015.mp4;1;D:/Projekte\Zone_Sanierung_Andermatt_GKS\Haltungen_Verteilt\2413-327015\20260730_2413-327015.mp4
G:\Sanierung_Andermatt_GKS\Sanierung_Verteilt\2942-2943\20260730_2942-2943_Saniert 2026\20260730_2942-2943.mp4;1;D:/Projekte\Zone_Sanierung_Andermatt_GKS\Haltungen_Verteilt\2942-2943\20260730_2942-2943.mp4
G:\Sanierung_Andermatt_GKS\Sanierung_Verteilt\296993-2942\20260730_296993-2942_Saniert 2026\20260730_296993-2942.mp4;1;D:/Projekte\Zone_Sanierung_Andermatt_GKS\Haltungen_Verteilt\296993-2942\20260730_296993-2942.mp4
G:\Sanierung_Andermatt_GKS\Sanierung_Verteilt\3074-3037\20260727_3074-3037_Saniert 2026\20260727_3074-3037.mp4;1;D:/Projekte\Zone_Sanierung_Andermatt_GKS\Haltungen_Verteilt\3074-3037\20260727_3074-3037.mp4
G:\Sanierung_Andermatt_GKS\Sanierung_Verteilt\3283-296993\20260730_3283-296993_Saniert 2026\20260730_3283-296993.mp4;1;D:/Projekte\Zone_Sanierung_Andermatt_GKS\Haltungen_Verteilt\3283-296993\20260730_3283-296993.mp4
G:\Sanierung_Andermatt_GKS\Sanierung_Verteilt\4229-4640\20260730_4229-4640_Saniert 2026\20260730_4229-4640.mp4;1;D:/Projekte\Zone_Sanierung_Andermatt_GKS\Haltungen_Verteilt\4229-4640\20260730_4229-4640.mp4
G:\Sanierung_Andermatt_GKS\Sanierung_Verteilt\7366-7429\20260730_7366-7429_Saniert 2026\20260730_7366-7429.mp4;1;D:/Projekte\Zone_Sanierung_Andermatt_GKS\Haltungen_Verteilt\7366-7429\20260730_7366-7429.mp4
G:\Sanierung_Andermatt_GKS\Sanierung_Verteilt\7370-7427\20260730_7370-7427_Saniert 2026\20260730_7370-7427.mp4;1;D:/Projekte\Zone_Sanierung_Andermatt_GKS\Haltungen_Verteilt\7370-7427\20260730_7370-7427.mp4
G:\Sanierung_Andermatt_GKS\Sanierung_Verteilt\7427-7428\20260730_7427-7428_Saniert 2026\20260730_7427-7428.mp4;1;D:/Projekte\Zone_Sanierung_Andermatt_GKS\Haltungen_Verteilt\7427-7428\20260730_7427-7428.mp4
G:\Sanierung_Andermatt_GKS\Sanierung_Verteilt\7428-7369\20260730_7428-7369_Saniert 2026\20260730_7428-7369.mp4;1;D:/Projekte\Zone_Sanierung_Andermatt_GKS\Haltungen_Verteilt\7428-7369\20260730_7428-7369.mp4
G:\Sanierung_Andermatt_GKS\Sanierung_Verteilt\7435-7434\20260730_7435-7434_Saniert 2026\20260730_7435-7434.mp4;1;D:/Projekte\Zone_Sanierung_Andermatt_GKS\Haltungen_Verteilt\7435-7434\20260730_7435-7434.mp4
G:\Sanierung_Andermatt_GKS\Sanierung_Verteilt\7436-7435\20260730_7436-7435_Saniert 2026\20260730_7436-7435.mp4;1;D:/Projekte\Zone_Sanierung_Andermatt_GKS\Haltungen_Verteilt\7436-7435\20260730_7436-7435.mp4
G:\Sanierung_Andermatt_GKS\Sanierung_Verteilt\955509-4789\20260727_955509-4789_Saniert 2026\20260727_955509-4789.mp4;1;D:/Projekte\Zone_Sanierung_Andermatt_GKS\Haltungen_Verteilt\955509-4789\20260727_955509-4789.mp4
