{
  "defaultMinLength_m": 3.0,
  "rules": [
    {
      "code": "BAF",
      "ezd": 3,
      "ezs": 4,
      "ezb": 3
    },
    {
      "code": "BAH",
      "ezd": 2,
      "ezs": 2,
      "ezb": 2
    },
    {
      "code": "BAJ",
      "ezd": 3,
      "ezs": 4,
      "ezb": 3
    },
    {
      "code": "BBB",
      "ezd": 3,
      "ezs": 3,
      "ezb": 3
    },
    {
      "code": "BAB",
      "ezd": 2,
      "ezs": 4,
      "ezb": 2
    },
    {
      "code": "BAG",
      "ezd": 4,
      "ezs": 4,
      "ezb": 0
    }
  ]
}