{
  "version": 1,
  "groups": [
    {
      "name": "Installation",
      "positions": [
        { "itemKey": "HL_INSTALL_HL", "enabled": true, "defaultQty": 1 },
        { "itemKey": "HL_INSTALL_MANUAL", "enabled": false, "defaultQty": 1 },
        { "itemKey": "HL_INSTALL_CLEANTRUCK", "enabled": false, "defaultQty": 1 }
      ]
    },
    {
      "name": "Vorarbeiten",
      "positions": [
        { "itemKey": "TV_VORKONTROLLE", "enabled": true, "defaultQty": 1 },
        { "itemKey": "FRAESEN", "enabled": true, "defaultQty": 1 },
        { "itemKey": "HALTUNG_EINMESSEN", "enabled": true, "defaultQty": 1 }
      ]
    },
    {
      "name": "Liner",
      "positions": [
        { "itemKey": "NADELFILZ_LINER_PER_M", "enabled": true, "defaultQty": 0 },
        { "itemKey": "NADELFILZ_LINER_BIS_5M", "enabled": false, "defaultQty": 1 },
        { "itemKey": "GFK_INSTALL_PER_M", "enabled": false, "defaultQty": 0 }
      ]
    },
    {
      "name": "Reparatur",
      "positions": [
        { "itemKey": "KURZLINER_PER_ST", "enabled": false, "defaultQty": 0 },
        { "itemKey": "QUICKLOCK_PER_ST", "enabled": false, "defaultQty": 0 },
        { "itemKey": "MANSCHETTE_PER_ST", "enabled": false, "defaultQty": 0 }
      ]
    },
    {
      "name": "Anschluesse",
      "positions": [
        { "itemKey": "ANSCHLUSS_AUFFRAESEN", "enabled": false, "defaultQty": 0 },
        { "itemKey": "ANSCHLUSS_EINBINDEN", "enabled": false, "defaultQty": 0 }
      ]
    },
    {
      "name": "Qualitaet",
      "positions": [
        { "itemKey": "TV_ABNAHME", "enabled": true, "defaultQty": 0 },
        { "itemKey": "DICHTHEITSPRUEFUNG", "enabled": true, "defaultQty": 0 },
        { "itemKey": "DOKU_DATENTRAEGER", "enabled": true, "defaultQty": 1 }
      ]
    }
  ]
}