Code,im_Manifest,im_WinCan_VSA2019,real_verwendet_Projekt,Manifest_Titel,selektierbar,Bewertung
AECX,0,1,0,,,nur WinCan – Zwischencode (Manifest hat Kinder)
AECXA,1,1,0,Rohrprofilwechsel,True,OK (beide)
AECXB,1,1,0,Rohrprofilwechsel: Eiprofil,True,OK (beide)
AECXC,1,1,1,Rohrprofilwechsel: Kreisprofil,True,OK (beide)
AECXD,1,1,0,Rohrprofilwechsel: Maulprofil,True,OK (beide)
AECXE,1,1,0,Rohrprofilwechsel: offenes Profil,True,OK (beide)
AECXF,1,1,0,Rohrprofilwechsel: Rechteckprofil,True,OK (beide)
AECXG,1,1,0,Rohrprofilwechsel: Spezialprofil,True,OK (beide)
AECXH,1,1,0,Rohrprofilwechsel: unbekanntes Profil,True,OK (beide)
AEDXA,1,1,0,Rohrmaterialwechsel,True,OK (beide)
AEDXB,1,1,0,Rohrmaterialwechsel: Asbestzement,True,OK (beide)
AEDXC,1,1,0,Rohrmaterialwechsel: Normalbeton,True,OK (beide)
AEDXD,1,1,0,Rohrmaterialwechsel: Ortsbeton,True,OK (beide)
AEDXE,1,1,0,Rohrmaterialwechsel: Pressrohrbeton,True,OK (beide)
AEDXF,1,1,0,Rohrmaterialwechsel: Spezialbeton,True,OK (beide)
AEDXG,1,1,1,Rohrmaterialwechsel: Beton,True,OK (beide)
AEDXH,1,1,0,Rohrmaterialwechsel: Faserzement,True,OK (beide)
AEDXI,1,1,0,Rohrmaterialwechsel: Gebrannte Steine,True,OK (beide)
AEDXJ,1,1,0,Rohrmaterialwechsel: Duktiler Guss,True,OK (beide)
AEDXK,1,1,0,Rohrmaterialwechsel: Grauguss,True,OK (beide)
AEDXL,1,1,0,Rohrmaterialwechsel: Epoxidharz,True,OK (beide)
AEDXM,1,1,0,Rohrmaterialwechsel: Hartpolyethylen,True,OK (beide)
AEDXN,1,1,0,Rohrmaterialwechsel: Polyester GUP,True,OK (beide)
AEDXO,1,1,0,Rohrmaterialwechsel: Polyethylen,True,OK (beide)
AEDXP,1,1,1,Rohrmaterialwechsel: Polypropylen,True,OK (beide)
AEDXQ,1,1,1,Rohrmaterialwechsel: Polyvinylchlorid,True,OK (beide)
AEDXR,1,1,0,Rohrmaterialwechsel: Kunststoff unbekannt,True,OK (beide)
AEDXS,1,1,0,Rohrmaterialwechsel: Stahl,True,OK (beide)
AEDXT,1,1,0,Rohrmaterialwechsel: Rostfreier Stahl,True,OK (beide)
AEDXU,1,1,1,Rohrmaterialwechsel: Steinzeug,True,OK (beide)
AEDXV,1,1,0,Rohrmaterialwechsel: Ton,True,OK (beide)
AEDXW,1,1,0,Rohrmaterialwechsel: unbekanntes Material,True,OK (beide)
AEDXX,1,1,0,Rohrmaterialwechsel: Zement,True,OK (beide)
AEF,1,0,1,Neue Baulänge,True,nur Manifest – Basiscode (WinCan-CloseCode-Artefakt)
BAA,1,0,0,Verformung,True,nur Manifest – Basiscode (WinCan-CloseCode-Artefakt)
BAAA,1,1,1,Rohr vertikal deformiert,True,OK (beide)
BAAB,1,1,0,Rohr horizontal deformiert,True,OK (beide)
BAB,1,0,0,Riss,True,nur Manifest – Basiscode (WinCan-CloseCode-Artefakt)
BABA,0,1,0,,,nur WinCan – Zwischencode (Manifest hat Kinder)
BABAA,1,1,1,Oberflächenriss (Haarriss) längs,True,OK (beide)
BABAB,1,1,1,Oberflächenriss (Haarriss) radial,True,OK (beide)
BABAC,1,1,0,"Oberflächenriss (Haarriss), komplexe Rissbildung",True,OK (beide)
BABAD,1,1,0,"Oberflächenriss (Haarriss), spiralförmige Rissbildung",True,OK (beide)
BABAE,1,1,0,"Oberflächenriss (Haarriss), sternförmige Rissbildung",True,OK (beide)
BABB,0,1,0,,,nur WinCan – Zwischencode (Manifest hat Kinder)
BABBA,1,1,1,Riss längs,True,OK (beide)
BABBB,1,1,1,Riss radial,True,OK (beide)
BABBC,1,1,1,"Riss, komplexe Rissbildung, Scherbenbildung",True,OK (beide)
BABBD,1,1,1,"Riss, spiralförmige Rissbildung",True,OK (beide)
BABBE,1,1,0,"Riss, sternförmige Rissbildung",True,OK (beide)
BABC,0,1,0,,,nur WinCan – Zwischencode (Manifest hat Kinder)
BABCA,1,1,0,"Klaffender Riss, längs",True,OK (beide)
BABCB,1,1,1,"Klaffender Riss, radial",True,OK (beide)
BABCC,1,1,0,"Klaffender Riss, komplexe Rissbildung, Scherbenbildung",True,OK (beide)
BABCD,1,1,0,"Klaffender Riss, spiralförmige Rissbildung",True,OK (beide)
BABCE,1,1,0,"Klaffender Riss, sternförmige Rissbildung",True,OK (beide)
BAC,1,0,0,Leitungsbruch / Einsturz,True,nur Manifest – Basiscode (WinCan-CloseCode-Artefakt)
BACA,1,1,1,In der Lage verschobene Scherbe,True,OK (beide)
BACB,1,1,1,Fehlende Scherbe / Wandungsteil (Loch),True,OK (beide)
BACC,1,1,0,Leitungsbruch / Einsturz,True,OK (beide)
BAD,1,0,0,Defektes Mauerwerk,True,nur Manifest – Basiscode (WinCan-CloseCode-Artefakt)
BADA,1,1,0,"Mauerwerk defekt, Mauer- / Backsteine verschoben",True,OK (beide)
BADB,1,1,0,"Mauerwerk defekt, Mauer- / Backsteine fehlen",True,OK (beide)
BADC,1,1,0,"Mauerwerk defekt, Sohle abgesackt",True,OK (beide)
BADD,1,1,0,"Mauerwerk defekt, Einsturz",True,OK (beide)
BAE,1,0,0,Mörtel aus Mauerwerk fehlt ganz oder teilweise,True,nur Manifest – Basiscode (WinCan-CloseCode-Artefakt)
BAF,1,0,0,Oberflächenschaden,True,nur Manifest – Basiscode (WinCan-CloseCode-Artefakt)
BAFA,0,1,0,,,nur WinCan – Zwischencode (Manifest hat Kinder)
BAFAA,1,1,0,Rauhe Rohrwandung durch mechanische Beschädigung,True,OK (beide)
BAFAB,1,1,0,Rauhe Rohrwandung durch chemischen Angriff,True,OK (beide)
BAFAC,1,1,0,Rauhe Rohrwandung durch chemischen Angriff im oberen Teil des Rohres,True,OK (beide)
BAFAD,1,1,0,Rauhe Rohrwandung durch chemischen Angriff im unteren Teil des Rohres,True,OK (beide)
BAFAE,1,1,1,"Rauhe Rohrwandung, Ursache nicht eindeutig feststellbar",True,OK (beide)
BAFAZ,1,1,0,"Rauhe Rohrwandung, andere Ursache",True,OK (beide)
BAFB,0,1,0,,,nur WinCan – Zwischencode (Manifest hat Kinder)
BAFBA,1,1,1,Abplatzung durch mechanische Beschädigung,True,OK (beide)
BAFBE,1,1,1,"Abplatzung, Ursache nicht eindeutig feststellbar",True,OK (beide)
BAFBZ,1,1,0,"Abplatzung, andere Ursache",True,OK (beide)
BAFC,0,1,0,,,nur WinCan – Zwischencode (Manifest hat Kinder)
BAFCA,1,1,0,Zuschlagstoffe sichtbar durch mechanische Beschädigung,True,OK (beide)
BAFCB,1,1,0,Zuschlagstoffe sichtbar durch chemischen Angriff,True,OK (beide)
BAFCC,1,1,0,Zuschlagstoffe sichtbar durch chemischen Angriff im oberen Teil des Rohres,True,OK (beide)
BAFCD,1,1,0,Zuschlagstoffe sichtbar durch chemischen Angriff im unteren Teil des Rohres,True,OK (beide)
BAFCE,1,1,1,"Zuschlagstoffe sichtbar, Ursache nicht eindeutig feststellbar",True,OK (beide)
BAFCZ,1,1,0,"Zuschlagstoffe sichtbar, andere Ursache",True,OK (beide)
BAFD,0,1,0,,,nur WinCan – Zwischencode (Manifest hat Kinder)
BAFDA,1,1,0,Zuschlagstoffe einragend durch mechanische Beschädigung,True,OK (beide)
BAFDB,1,1,0,Zuschlagstoffe einragend durch chemischen Angriff,True,OK (beide)
BAFDC,1,1,0,Zuschlagstoffe einragend durch chemischen Angriff im oberen Teil des Rohres,True,OK (beide)
BAFDD,1,1,0,Zuschlagstoffe einragend durch chemischen Angriff im unteren Teil des Rohres,True,OK (beide)
BAFDE,1,1,0,"Zuschlagstoffe einragend, Ursache nicht eindeutig feststellbar",True,OK (beide)
BAFDZ,1,1,0,"Zuschlagstoffe einragend, andere Ursache",True,OK (beide)
BAFE,0,1,0,,,nur WinCan – Zwischencode (Manifest hat Kinder)
BAFEA,1,1,0,Zuschlagstoffe fehlen durch mechanische Beschädigung,True,OK (beide)
BAFEB,1,1,0,Zuschlagstoffe fehlen durch chemischen Angriff,True,OK (beide)
BAFEC,1,1,0,Zuschlagstoffe fehlen durch chemischen Angriff im oberen Teil des Rohres,True,OK (beide)
BAFED,1,1,0,Zuschlagstoffe fehlen durch chemischen Angriff im unteren Teil des Rohres,True,OK (beide)
BAFEE,1,1,0,"Zuschlagstoffe fehlen, Ursache nicht eindeutig feststellbar",True,OK (beide)
BAFEZ,1,1,0,"Zuschlagstoffe fehlen, andere Ursache",True,OK (beide)
BAFF,0,1,0,,,nur WinCan – Zwischencode (Manifest hat Kinder)
BAFFA,1,1,0,Bewehrung sichtbar durch mechanische Beschädigung,True,OK (beide)
BAFFB,1,1,0,Bewehrung sichtbar durch chemischen Angriff,True,OK (beide)
BAFFC,1,1,0,Bewehrung sichtbar durch chemischen Angriff im oberen Teil des Rohres,True,OK (beide)
BAFFD,1,1,0,Bewehrung sichtbar durch chemischen Angriff im unteren Teil des Rohres,True,OK (beide)
BAFFE,1,1,0,"Bewehrung sichtbar, Ursache nicht eindeutig feststellbar",True,OK (beide)
BAFFZ,1,1,0,"Bewehrung sichtbar, andere Ursache",True,OK (beide)
BAFG,0,1,0,,,nur WinCan – Zwischencode (Manifest hat Kinder)
BAFGA,1,1,0,Bewehrung einragend durch mechanische Beschädigung,True,OK (beide)
BAFGB,1,1,0,Bewehrung einragend durch chemischen Angriff,True,OK (beide)
BAFGC,1,1,0,Bewehrung einragend durch chemischen Angriff im oberen Teil des Rohres,True,OK (beide)
BAFGD,1,1,0,Bewehrung einragend durch chemischen Angriff im unteren Teil des Rohres,True,OK (beide)
BAFGE,1,1,0,"Bewehrung einragend, Ursache nicht eindeutig feststellbar",True,OK (beide)
BAFGZ,1,1,0,"Bewehrung einragend, andere Ursache",True,OK (beide)
BAFH,0,1,0,,,nur WinCan – Zwischencode (Manifest hat Kinder)
BAFHB,1,1,0,Bewehrung korrodiert durch chemischen Angriff,True,OK (beide)
BAFHC,1,1,0,Bewehrung korrodiert durch chemischen Angriff im oberen Teil des Rohres,True,OK (beide)
BAFHD,1,1,0,Bewehrung korrodiert durch chemischen Angriff im unteren Teil des Rohres,True,OK (beide)
BAFHE,1,1,0,"Bewehrung korrodiert, Ursache nicht eindeutig feststellbar",True,OK (beide)
BAFI,0,1,0,,,nur WinCan – Zwischencode (Manifest hat Kinder)
BAFIA,1,1,0,Fehlende Rohrwandung durch mechanische Beschädigung,True,OK (beide)
BAFIB,1,1,0,Fehlende Rohrwandung durch chemischen Angriff,True,OK (beide)
BAFIC,1,1,0,Fehlende Rohrwandung durch chemischen Angriff im oberen Teil des Rohres,True,OK (beide)
BAFID,1,1,0,Fehlende Rohrwandung durch chemischen Angriff im unteren Teil des Rohres,True,OK (beide)
BAFIE,1,1,0,"Fehlende Rohrwandung, Ursache nicht eindeutig feststellbar",True,OK (beide)
BAFIZ,1,1,0,"Fehlende Rohrwandung, andere Ursache",True,OK (beide)
BAFJ,0,1,0,,,nur WinCan – Zwischencode (Manifest hat Kinder)
BAFJB,1,1,0,Rohrwand korrodiert durch chemischen Angriff,True,OK (beide)
BAFJC,1,1,0,Rohrwand korrodiert durch chemischen Angriff im oberen Teil des Rohres,True,OK (beide)
BAFJD,1,1,0,Rohrwand korrodiert durch chemischen Angriff im unteren Teil des Rohres,True,OK (beide)
BAFJE,1,1,0,"Rohrwand korrodiert, Ursache nicht eindeutig feststellbar",True,OK (beide)
BAFJZ,1,1,0,"Rohrwand korrodiert, andere Ursache",True,OK (beide)
BAFK,0,1,0,,,nur WinCan – Zwischencode (Manifest hat Kinder)
BAFKA,1,1,0,Beule durch mechanische Beschädigung,True,OK (beide)
BAFKE,1,1,1,"Beule, Ursache nicht eindeutig feststellbar",True,OK (beide)
BAFKZ,1,1,0,"Beule, andere Ursache",True,OK (beide)
BAFZ,0,1,0,,,nur WinCan – Zwischencode (Manifest hat Kinder)
BAFZA,1,1,0,Andersartiger Oberflächenschaden durch mechanische Beschädigung,True,OK (beide)
BAFZB,1,1,0,Andersartiger Oberflächenschaden durch chemischen Angriff,True,OK (beide)
BAFZC,1,1,0,Andersartiger Oberflächenschaden durch chemischen Angriff im oberen Teil des Rohres,True,OK (beide)
BAFZD,1,1,0,AndersartigerOberflächenschaden durch chemischen Angriff im unteren Teil des Rohres,True,OK (beide)
BAFZE,1,1,0,"Andersartiger Oberflächenschaden, Ursache nicht eindeutig feststellbar",True,OK (beide)
BAFZZ,1,1,0,"Andersartiger Oberflächenschaden, andere Ursache",True,OK (beide)
BAG,1,0,0,Anschluss einragend,False,nur Manifest – Gruppe/Header (ok)
BAGA,1,0,0,Anschluss einragend,True,nur Manifest – 2020-Erweiterung/spezifisch
BAH,1,0,0,Schadhafter Anschluss,True,nur Manifest – Basiscode (WinCan-CloseCode-Artefakt)
BAHA,1,1,0,Anschluss falsch eingeführt,True,OK (beide)
BAHB,1,1,1,Anschluss zurückliegend,True,OK (beide)
BAHC,1,1,1,Anschluss unvollständig oder nicht eingebunden,True,OK (beide)
BAHD,1,1,0,Anschluss beschädigt,True,OK (beide)
BAHE,1,1,0,Anschluss verstopft,True,OK (beide)
BAHZ,1,1,0,Anschluss andersartig schadhaft,True,OK (beide)
BAI,1,0,0,Einragendes Dichtungsmaterial,True,nur Manifest – Basiscode (WinCan-CloseCode-Artefakt)
BAIA,0,1,0,,,nur WinCan – Zwischencode (Manifest hat Kinder)
BAIAA,1,1,0,Dichtring verschoben,True,OK (beide)
BAIAB,1,1,1,"Dichtring einragend, aber nicht gebrochen, tiefster Punkt oberhalb Rohrmitte",True,OK (beide)
BAIAC,1,1,0,"Dichtring einragend, aber nicht gebrochen, tiefster Punkt unterhalb Rohrmitte",True,OK (beide)
BAIAD,1,1,0,"Dichtring einragend, gebrochen",True,OK (beide)
BAIZ,1,1,0,Einragendes Dichtungsmaterial,True,OK (beide)
BAJ,1,0,0,Verschobene Rohrverbindung,True,nur Manifest – Basiscode (WinCan-CloseCode-Artefakt)
BAJA,1,1,1,Breite Rohrverbindung,True,OK (beide)
BAJB,1,1,1,Rohrverbindung versetzt,True,OK (beide)
BAJC,1,1,1,Rohrverbindung Knick,True,OK (beide)
BAK,1,0,0,Feststellung der Innenauskleidung,True,nur Manifest – Basiscode (WinCan-CloseCode-Artefakt)
BAKA,1,1,0,Innenauskleidung abgelöst,True,OK (beide)
BAKB,1,1,0,Innenauskleidung verfärbt,True,OK (beide)
BAKC,1,1,0,Endstelle der Innenauskleidung schadhaft,True,OK (beide)
BAKD,0,1,0,,,nur WinCan – Zwischencode (Manifest hat Kinder)
BAKDA,1,1,0,"Innenauskleidung Faltenbildung, längs",True,OK (beide)
BAKDB,1,1,0,"Innenauskleidung Faltenbildung, radial",True,OK (beide)
BAKDC,1,1,1,"Innenauskleidung Faltenbildung, komplex",True,OK (beide)
BAKDD,1,1,0,"Innenauskleidung Faltenbildung, spiralformig",True,OK (beide)
BAKE,1,1,0,Blasen/Beulen in der Innenauskleidung,True,OK (beide)
BAKF,1,1,0,Beule der Innauskleidung nach aussen,True,OK (beide)
BAKG,1,1,1,Ablösen der Innenhaut / Beschichtung,True,OK (beide)
BAKH,1,1,0,Ablösen der Abdeckung der Verbindungsnaht,True,OK (beide)
BAKI,1,1,0,Riss oder Splat in der Innauskleidung,True,OK (beide)
BAKJ,1,1,0,Loch in der Innauskleidung,True,OK (beide)
BAKK,1,1,0,Auskleidungsverbindung defekt,True,OK (beide)
BAKL,1,1,0,Auskleidungswerkstoff erscheint weich,True,OK (beide)
BAKM,1,1,0,Harz fehlt im Laminat,True,OK (beide)
BAKN,1,1,0,Ende der Auskleidung ist nicht abgedichtet,True,OK (beide)
BAKZ,1,1,0,Innenauskleidung andersartig schadhaft,True,OK (beide)
BAL,1,0,0,Schadhafte Reparatur,True,nur Manifest – Basiscode (WinCan-CloseCode-Artefakt)
BALA,1,1,0,"Reparatur mangelhaft, Wand fehlt teilweise",True,OK (beide)
BALB,1,1,0,Reparatur Loch mangelhaft,True,OK (beide)
BALC,1,1,0,Reparaturwerkstoff löst sich vom Altrohr,True,OK (beide)
BALD,1,1,0,Reparaturwerkstoff fehlt an der Kontaktfläche,True,OK (beide)
BALE,1,1,0,"Überschüssiger Reparaturwerkstoff, Hindernis",True,OK (beide)
BALF,1,1,0,Loch im Reparaturwerkstoff,True,OK (beide)
BALG,0,1,0,,,nur WinCan – Zwischencode (Manifest hat Kinder)
BALGA,1,1,0,"Riss im Reparaturwerkstoff, längs",True,OK (beide)
BALGB,1,1,0,"Riss im Reparaturwerkstoff, radial",True,OK (beide)
BALGC,1,1,0,"Riss im Reparaturwerkstoff, komplex",True,OK (beide)
BALGD,1,1,0,"Riss im Reparaturwerkstoff, spiralförmig",True,OK (beide)
BALZ,1,1,0,Reparatur andersartig mangelhaft,True,OK (beide)
BAM,1,0,0,Schadhafte Schweissnaht,True,nur Manifest – Basiscode (WinCan-CloseCode-Artefakt)
BAMA,1,1,0,Schweissnaht in Längsrichtung mangelhaft,True,OK (beide)
BAMB,1,1,0,Schweissnaht radial mangelhaft,True,OK (beide)
BAMC,1,1,0,Schweissnaht mit spiralförmigem Verlauf mangelhaft,True,OK (beide)
BAN,1,0,0,Leitung porös,True,nur Manifest – Basiscode (WinCan-CloseCode-Artefakt)
BAO,1,0,0,anstehender Boden sichtbar,True,nur Manifest – Basiscode (WinCan-CloseCode-Artefakt)
BAP,1,0,0,Hohlraum sichtbar,True,nur Manifest – Basiscode (WinCan-CloseCode-Artefakt)
BBA,1,0,0,Wurzeln,True,nur Manifest – Basiscode (WinCan-CloseCode-Artefakt)
BBAA,1,1,0,Pfahlwurzel,True,OK (beide)
BBAB,1,1,1,"Einzelner, feiner Wurzeleinwuchs",True,OK (beide)
BBAC,1,1,1,Komplexes Wurzelwerk,True,OK (beide)
BBB,1,0,0,Anhaftende Stoffe,True,nur Manifest – Basiscode (WinCan-CloseCode-Artefakt)
BBBA,1,1,0,Inkrustation (verkalkt),True,OK (beide)
BBBB,1,1,0,Fett,True,OK (beide)
BBBC,1,1,0,Fäulnis,True,OK (beide)
BBBZ,1,1,0,Andersartige anhaftende Stoffe,True,OK (beide)
BBC,1,0,0,Ablagerung,True,nur Manifest – Basiscode (WinCan-CloseCode-Artefakt)
BBCA,1,1,1,"Lose Ablagerungen, Sand",True,OK (beide)
BBCB,1,1,0,"Lose Ablagerungen, Kies",True,OK (beide)
BBCC,1,1,1,Harte Ablagerungen,True,OK (beide)
BBCZ,1,1,0,Andersartige Ablagerungen,True,OK (beide)
BBDA,1,1,0,Sand dringt ein,True,OK (beide)
BBDB,1,1,0,organischen Bodenmaterial dringt ein,True,OK (beide)
BBDC,1,1,0,Feinmaterial dringt ein,True,OK (beide)
BBDD,1,1,0,Grobmaterial dringt ein,True,OK (beide)
BBDZ,1,1,0,Bodenmaterial dringt ein,True,OK (beide)
BBEA,1,1,0,Hindernis: Mauer- oder Backstein liegt in der Rohrsohle,True,OK (beide)
BBEB,1,1,0,Hindernis: Leitungsstück liegt in der Rohrsohle,True,OK (beide)
BBEC,1,1,1,Gegenstand liegt in der Rohrsohle,True,OK (beide)
BBED,1,1,0,Gegenstand ragt durch die Wand ein,True,OK (beide)
BBEE,1,1,1,Gegenstand ist in der Rohrverbindung eingeklemmt,True,OK (beide)
BBEF,1,1,1,Gegenstand ragt aus Anschluss in Hauptleitung,True,OK (beide)
BBEG,1,1,0,Fremde Werkleitungen oder Kabel durchqueren die Leitung,True,OK (beide)
BBEH,1,1,0,Gegenstand ist in den Rohrkörper eingebaut,True,OK (beide)
BBEZ,1,1,0,Andersartiges Hindernis,True,OK (beide)
BBF,1,0,0,Infiltration,True,nur Manifest – Basiscode (WinCan-CloseCode-Artefakt)
BBFA,1,1,0,Infiltration: Schwitzen / Verkalkung,True,OK (beide)
BBFB,1,1,0,Infiltration: Wasser tropft,True,OK (beide)
BBFC,1,1,0,Infiltration: Wasser fliesst,True,OK (beide)
BBFD,1,1,0,Infiltration: Wasser spritzt,True,OK (beide)
BBG,1,0,0,Sichtbarer Wasseraustritt,True,nur Manifest – Basiscode (WinCan-CloseCode-Artefakt)
BBHA,0,1,0,,,nur WinCan – Zwischencode (Manifest hat Kinder)
BBHAA,1,1,0,Ratte in der Rohrleitung,True,OK (beide)
BBHAB,1,1,0,Ratte im Anschluss,True,OK (beide)
BBHAC,1,1,0,Ratte in der offenen Rohrverbindung,True,OK (beide)
BBHAZ,1,1,0,Ratte,True,OK (beide)
BBHB,0,1,0,,,nur WinCan – Zwischencode (Manifest hat Kinder)
BBHBA,1,1,0,Kakerlake in der Rohrleitung,True,OK (beide)
BBHBB,1,1,0,Kakerlake im Anschluss,True,OK (beide)
BBHBC,1,1,0,Kakerlake in der offenen Rohrverbindung,True,OK (beide)
BBHBZ,1,1,0,Kakerlake,True,OK (beide)
BBHZ,0,1,0,,,nur WinCan – Zwischencode (Manifest hat Kinder)
BBHZA,1,1,0,Tier in der Rohrleitung,True,OK (beide)
BBHZB,1,1,0,Tier im Anschluss,True,OK (beide)
BBHZC,1,1,0,Tier in der offenen Rohrverbindung,True,OK (beide)
BBHZZ,1,1,0,Tier,True,OK (beide)
BCA,1,0,0,Seitlicher Anschluss,True,nur Manifest – Basiscode (WinCan-CloseCode-Artefakt)
BCAA,0,1,0,,,nur WinCan – Zwischencode (Manifest hat Kinder)
BCAAA,1,1,1,Anschluss mit Formstück,True,OK (beide)
BCAAB,1,1,0,Anschluss mit Formstück verschlossen,True,OK (beide)
BCAB,0,1,0,,,nur WinCan – Zwischencode (Manifest hat Kinder)
BCABA,1,1,0,Sattelanschluss gebohrt,True,OK (beide)
BCABB,1,1,0,Sattelanschluss gebohrt verschlossen,True,OK (beide)
BCAC,0,1,0,,,nur WinCan – Zwischencode (Manifest hat Kinder)
BCACA,1,1,0,Sattelanschluss eingespitzt,True,OK (beide)
BCACB,1,1,0,Sattelanschluss eingespitzt verschlossen,True,OK (beide)
BCAD,0,1,0,,,nur WinCan – Zwischencode (Manifest hat Kinder)
BCADA,1,1,0,Anschluss gebohrt,True,OK (beide)
BCADB,1,1,0,Anschluss gebohrt verschlossen,True,OK (beide)
BCAE,0,1,0,,,nur WinCan – Zwischencode (Manifest hat Kinder)
BCAEA,1,1,1,Anschluss eingespitzt,True,OK (beide)
BCAEB,1,1,1,Anschluss eingespitzt verschlossen,True,OK (beide)
BCAF,0,1,0,,,nur WinCan – Zwischencode (Manifest hat Kinder)
BCAFA,1,1,1,Spezialanschluss,True,OK (beide)
BCAFB,1,1,0,Spezialanschluss verschlossen,True,OK (beide)
BCAG,0,1,0,,,nur WinCan – Zwischencode (Manifest hat Kinder)
BCAGA,1,1,0,Anschluss unbekannter Bauart,True,OK (beide)
BCAGB,1,1,0,Anschluss unbekannter Bauart verschlossen,True,OK (beide)
BCAZ,0,1,0,,,nur WinCan – Zwischencode (Manifest hat Kinder)
BCAZA,1,1,0,Andersartiger Anschluss,True,OK (beide)
BCAZB,1,1,0,Andersartiger Anschluss verschlossen,True,OK (beide)
BCB,1,0,0,Punktuelle Reparatur,True,nur Manifest – Basiscode (WinCan-CloseCode-Artefakt)
BCBA,1,1,0,"Reparatur, Rohr ausgetauscht",True,OK (beide)
BCBB,1,1,1,"Reparatur, örtlich begrenzte Innenauskleidung des Rohres",True,OK (beide)
BCBC,1,1,0,"Reparatur, Mörtelinjizierung",True,OK (beide)
BCBD,1,1,0,"Reparatur, Injizierung",True,OK (beide)
BCBE,1,1,0,Loch repariert,True,OK (beide)
BCBF,1,1,0,"Reparatur, örtlich begrenzte Innenauskleidung des Rohres",True,OK (beide)
BCBG,1,1,1,Andersartige Reparatur des Anschlusses,True,OK (beide)
BCBZ,1,1,1,Andersartige Reparatur mit grabenlosem Verfahren,True,OK (beide)
BCC,1,0,0,Bogen,True,nur Manifest – Basiscode (WinCan-CloseCode-Artefakt)
BCCA,0,1,0,,,nur WinCan – Zwischencode (Manifest hat Kinder)
BCCAA,1,1,0,Bogen nach links oben,True,OK (beide)
BCCAB,1,1,1,Bogen nach links unten,True,OK (beide)
BCCAY,1,1,1,Bogen nach links,True,OK (beide)
BCCB,0,1,0,,,nur WinCan – Zwischencode (Manifest hat Kinder)
BCCBA,1,1,1,Bogen nach rechts oben,True,OK (beide)
BCCBB,1,1,1,Bogen nach rechts unten,True,OK (beide)
BCCBY,1,1,1,Bogen nach rechts,True,OK (beide)
BCCY,0,1,0,,,nur WinCan – Zwischencode (Manifest hat Kinder)
BCCYA,1,1,1,Bogen nach oben,True,OK (beide)
BCCYB,1,1,1,Bogen nach unten,True,OK (beide)
BCCYY,1,0,0,Beobachteter XTF-Code BCCYY,False,nur Manifest – Gruppe/Header (ok)
BCD,1,0,1,Rohranfang,True,nur Manifest – Basiscode (WinCan-CloseCode-Artefakt)
BCDXP,1,0,0,Distanzmessung Anfang,True,nur Manifest – 2020-Erweiterung/spezifisch
BCE,1,0,1,Rohrende,True,nur Manifest – Basiscode (WinCan-CloseCode-Artefakt)
BCEXP,1,0,0,Distanzmessung Ende,True,nur Manifest – 2020-Erweiterung/spezifisch
BDA,1,0,1,"Allgemeinzustand, Fotobeispiel",True,nur Manifest – Basiscode (WinCan-CloseCode-Artefakt)
BDB,1,0,1,Allgemeine Anmerkung,True,nur Manifest – Basiscode (WinCan-CloseCode-Artefakt)
BDBA,1,0,0,Beginn TV-Untersuch (Vorgabe),True,nur Manifest – 2020-Erweiterung/spezifisch
BDBB,1,0,0,Inspektion erst nach Reinigung möglich,True,nur Manifest – 2020-Erweiterung/spezifisch
BDBC,1,0,0,Inspektion erfolgt zu einem späteren Zeitpunkt,True,nur Manifest – 2020-Erweiterung/spezifisch
BDBD,1,0,0,Inspektionsziel erreicht (ungültig: Ersatz BDCZA),True,nur Manifest – 2020-Erweiterung/spezifisch
BDBE,1,0,0,Auftraggeber verzichtet auf weitere Untersuchung (ungültig: Ersatz BDCZB),True,nur Manifest – 2020-Erweiterung/spezifisch
BDBF,1,0,0,Inspektion erfolgt von der Gegenseite,True,nur Manifest – 2020-Erweiterung/spezifisch
BDBG,1,0,0,"Kamera nicht einsetzbar, Schacht durch ein Fahrzeug blockiert",True,nur Manifest – 2020-Erweiterung/spezifisch
BDBH,1,0,0,"Kamera nicht einsetzbar, Schacht nicht erreichbar",True,nur Manifest – 2020-Erweiterung/spezifisch
BDBI,1,0,0,"Kamera nicht einsetzbar, Schacht kann nicht geöffnet werden",True,nur Manifest – 2020-Erweiterung/spezifisch
BDBJ,1,0,0,Kamera nicht einsetzbar,True,nur Manifest – 2020-Erweiterung/spezifisch
BDBK,1,0,0,Gegenseite erreicht (ungültig: Ersatz BDCZC),True,nur Manifest – 2020-Erweiterung/spezifisch
BDBL,1,0,0,Gegenseite nicht erreicht (ungültig: Ersatz BDCZD),True,nur Manifest – 2020-Erweiterung/spezifisch
BDBM,1,0,0,Inspektion von der Gegenseite nicht möglich,True,nur Manifest – 2020-Erweiterung/spezifisch
BDCA,1,1,0,"Abbruch der Inspektion, Hindernis (ungültig: Ersatz BDCAZ)",True,OK (beide)
BDCAA,1,1,0,"Abbruch der Inspektion, Hindernis, Inspektionsziel erreicht",True,OK (beide)
BDCAB,1,1,0,"Abbruch der Inspektion, Hindernis, Auftraggeber verzichtet auf weitere Inspektion",True,OK (beide)
BDCAC,1,1,0,"Abbruch der Inspektion, Hindernis, Gegenseite erreicht",True,OK (beide)
BDCAD,1,1,0,"Abbruch der Inspektion, Hindernis, Gegenseite nicht erreicht",True,OK (beide)
BDCAE,1,1,0,"Abbruch der Inspektion, Hindernis, unklar, ob Gegenseite erreicht",True,OK (beide)
BDCAZ,1,1,0,"Abbruch der Inspektion, Hindernis",True,OK (beide)
BDCB,1,1,0,"Abbruch der Inspektion, hoher Wasserstand (ungültig: Ersatz BDCBZ)",True,OK (beide)
BDCBA,1,1,0,"Abbruch der Inspektion, hoher Wasserstand, Inspektionsziel erreicht",True,OK (beide)
BDCBB,1,1,0,"Abbruch der Inspektion, hoher Wasserstand, Auftraggeber verzichtet auf weitere Inspektion",True,OK (beide)
BDCBC,1,1,0,"Abbruch der Inspektion, hoher Wasserstand, Gegenseite erreicht",True,OK (beide)
BDCBD,1,1,0,"Abbruch der Inspektion, hoher Wasserstand, Gegenseite nicht erreicht",True,OK (beide)
BDCBE,1,1,0,"Abbruch der Inspektion, hoher Wasserstand, unklar, ob Gegenseite erreicht",True,OK (beide)
BDCBZ,1,1,0,"Abbruch der Inspektion, hoher Wasserstand",True,OK (beide)
BDCC,1,1,0,"Abbruch der Inspektion, Kamera defekt (ungültig: Ersatz BDCCZ)",True,OK (beide)
BDCCA,1,1,0,"Abbruch der Inspektion, Versagen der Ausrüstung, Inspektionsziel erreicht",True,OK (beide)
BDCCB,1,1,0,"Abbruch der Inspektion, Versagen der Ausrüstung, Auftraggeber verzichtet auf weitere Inspektion",True,OK (beide)
BDCCC,1,1,0,"Abbruch der Inspektion, Versagen der Ausrüstung, Gegenseite erreicht",True,OK (beide)
BDCCD,1,1,0,"Abbruch der Inspektion, Versagen der Ausrüstung, Gegenseite nicht erreicht",True,OK (beide)
BDCCE,1,1,0,"Abbruch der Inspektion, Versagen der Ausrüstung, unklar, ob Gegenseite erreicht",True,OK (beide)
BDCCZ,1,1,0,"Abbruch der Inspektion, Versagen der Ausrüstung",True,OK (beide)
BDCZ,1,1,0,Abbruch der Inspektion (ungültig: Ersatz BDCZZ),True,OK (beide)
BDCZA,1,1,0,"Anderer Grund für Abbruch der Inspektion, Inspektionsziel erreicht",True,OK (beide)
BDCZB,1,1,0,"Anderer Grund für Abbruch der Inspektion, Auftraggeber verzichtet auf weitere Inspektion",True,OK (beide)
BDCZC,1,1,0,"Anderer Grund für Abbruch der Inspektion, Gegenseite erreicht",True,OK (beide)
BDCZD,1,1,0,"Anderer Grund für Abbruch der Inspektion, Gegenseite nicht erreicht",True,OK (beide)
BDCZE,1,1,0,"Anderer Grund für Abbruch der Inspektion, unklar, ob Gegenseite erreicht",True,OK (beide)
BDCZZ,1,1,0,"Anderer Grund für Abbruch der Inspektion,",True,OK (beide)
BDD,1,0,0,Wasserspiegel,True,nur Manifest – Basiscode (WinCan-CloseCode-Artefakt)
BDDA,1,1,0,"Wasserspiegel, Abwasser klar",True,OK (beide)
BDDB,1,0,0,"Wasserspiegel, Abwasser trüb (ungültig: Ersatz BDDC)",True,nur Manifest – 2020-Erweiterung/spezifisch
BDDC,1,1,1,"Wasserspiegel, Abwasser trüb",True,OK (beide)
BDDD,1,1,0,"Wasserspiegel, Abwasser gefärbt",True,OK (beide)
BDDE,1,1,0,"Wasserspiegel, Abwasser trüb und gefärbt",True,OK (beide)
BDEA,0,1,0,,,nur WinCan – Zwischencode (Manifest hat Kinder)
BDEAA,1,1,0,"Fehlanschluss, Abwasserzufluss klar, Schmutzabwasser fliesst in Regenabwasser",True,OK (beide)
BDEAB,1,1,0,"Fehlanschluss, Abwasserzufluss klar, Regenabwasser fliesst in Schmutzabwasser",True,OK (beide)
BDEAC,1,1,0,Abwasserzufluss klar,True,OK (beide)
BDEBA,1,0,0,"Fehlanschluss, Abwasserzufluss trüb, Schmutzabwasser fliesst in Regenabwasser (ungültig: Ersatz BDECA)",True,nur Manifest – 2020-Erweiterung/spezifisch
BDEBB,1,0,0,"Fehlanschluss, Abwasserzufluss trüb, Regenabwasser fliesst in Schmutzabwasser (ungültig: Ersatz BDECB)",True,nur Manifest – 2020-Erweiterung/spezifisch
BDEBC,1,0,0,Abwasserzufluss trüb (ungültig: Ersatz BDECC),True,nur Manifest – 2020-Erweiterung/spezifisch
BDEC,0,1,0,,,nur WinCan – Zwischencode (Manifest hat Kinder)
BDECA,1,1,0,"Fehlanschluss, Abwasserzufluss trüb, Schmutzabwasser fliesst in Regenabwasser",True,OK (beide)
BDECB,1,1,0,"Fehlanschluss, Abwasserzufluss trüb, Regenabwasser fliesst in Schmutzabwasser",True,OK (beide)
BDECC,1,1,0,Abwasserzufluss trüb,True,OK (beide)
BDED,0,1,0,,,nur WinCan – Zwischencode (Manifest hat Kinder)
BDEDA,1,1,0,"Fehlanschluss, Abwasserzufluss gefärbt, Schmutzabwasser fliesst in Regenabwasser",True,OK (beide)
BDEDB,1,1,0,"Fehlanschluss, Abwasserzufluss gefärbt, Regenabwasser fliesst in Schmutzabwasser",True,OK (beide)
BDEDC,1,1,0,Abwasserzufluss gefärbt,True,OK (beide)
BDEE,0,1,0,,,nur WinCan – Zwischencode (Manifest hat Kinder)
BDEEA,1,1,0,"Fehlanschluss, Abwasserzufluss trüb und gefärbt, Schmutzabwasser fliesst in Regenabwasser",True,OK (beide)
BDEEB,1,1,0,"Fehlanschluss, Abwasserzufluss trüb und gefärbt, Regenabwasser fliesst in Schmutzabwasser",True,OK (beide)
BDEEC,1,1,0,Abwasserzufluss trüb und gefärbt,True,OK (beide)
BDEY,0,1,0,,,nur WinCan – Zwischencode (Manifest hat Kinder)
BDEYA,1,1,0,"Fehlanschluss, Schmutzabwasser fliesst in Regenabwasser",True,OK (beide)
BDEYB,1,1,0,"Fehlanschluss, Regenabwasser fliesst in Schmutzabwasser",True,OK (beide)
BDEYY,1,1,0,Abwasserzufluss,True,OK (beide)
BDFA,1,1,0,Gefährdung vorhanden: Sauerstoffmangel,True,OK (beide)
BDFB,1,1,0,Gefährdung vorhanden: Schwefelwasserstoff,True,OK (beide)
BDFC,1,1,0,Gefährdung vorhanden: Methan,True,OK (beide)
BDFZ,1,1,0,Andersartige Gefährdung vorhanden,True,OK (beide)
BDGA,1,1,0,"Keine Sicht, Kamera unter Wasser",True,OK (beide)
BDGB,1,1,0,"Keine Sicht, Verschlammung",True,OK (beide)
BDGC,1,1,0,"Keine Sicht, Dampf",True,OK (beide)
BDGZ,0,1,0,,,nur WinCan – KEIN Pendant im Manifest
DAAA,1,1,0,Allgemeine Verformung,True,OK (beide)
DAAB,1,1,0,Punktuelle Verformung,True,OK (beide)
DABA,0,1,0,,,nur WinCan – Zwischencode (Manifest hat Kinder)
DABAA,1,1,0,Oberflächenriss (Haarriss) vertikal,True,OK (beide)
DABAB,1,1,0,Oberflächenriss (Haarriss) horizontal,True,OK (beide)
DABAC,1,1,0,"Oberflächenriss (Haarriss), komplexe Rissbildung",True,OK (beide)
DABAD,1,1,0,"Oberflächenriss (Haarriss), geneigte Rissbildung",True,OK (beide)
DABAE,1,1,0,"Oberflächenriss (Haarriss), sternförmig Rissbildung",True,OK (beide)
DABB,0,1,0,,,nur WinCan – Zwischencode (Manifest hat Kinder)
DABBA,1,1,0,Riss vertikal,True,OK (beide)
DABBB,1,1,0,Riss horizontal,True,OK (beide)
DABBC,1,1,0,"Riss, komplexe Rissbildung",True,OK (beide)
DABBD,1,1,0,"Riss, geneigte Rissbildung",True,OK (beide)
DABBE,1,1,0,"Riss, sternförmige Rissbildung",True,OK (beide)
DABC,0,1,0,,,nur WinCan – Zwischencode (Manifest hat Kinder)
DABCA,1,1,0,"Klaffender Riss, vertikal",True,OK (beide)
DABCB,1,1,0,"Klaffender Riss, horizontal",True,OK (beide)
DABCC,1,1,0,"Klaffender Riss, komplexe Rissbildung",True,OK (beide)
DABCD,1,1,0,"Klaffender Riss, geneigte Rissbildung",True,OK (beide)
DABCE,1,1,0,"Klaffender Riss, sternförmige Rissbildung",True,OK (beide)
DACA,1,1,0,In der Lage verschobene Scherbe,True,OK (beide)
DACB,1,1,0,Fehlende Scherbe / Wandungsteil (Loch),True,OK (beide)
DACC,1,1,0,Einsturz,True,OK (beide)
DADA,1,1,0,"Mauerwerk defekt, Mauer- / Backsteine verschoben",True,OK (beide)
DADB,1,1,0,"Mauerwerk defekt, Mauer- / Backsteine fehlen",True,OK (beide)
DADC,1,1,0,"Mauerwerk defekt, Einsturz",True,OK (beide)
DAE,1,0,0,Mörtel aus Mauerwerk fehlt ganz oder teilweise,True,nur Manifest – Basiscode (WinCan-CloseCode-Artefakt)
DAFA,0,1,0,,,nur WinCan – Zwischencode (Manifest hat Kinder)
DAFAA,1,1,0,Erhöhte Rauheit durch mechanische Beschädigung,True,OK (beide)
DAFAB,1,1,0,Erhöhte Rauheit durch chemischen Angriff,True,OK (beide)
DAFAC,1,1,0,Erhöhte Rauheit durch chemischen Angriff im oberen Teil des Gerinnes oder weiter oben,True,OK (beide)
DAFAD,1,1,0,Erhöhte Rauheit durch chemischen Angriff im unteren Teil des Gerinnes,True,OK (beide)
DAFAE,1,1,0,"Erhöhte Rauheit, Schadensursache nicht feststellbar",True,OK (beide)
DAFAZ,1,1,0,"Erhöhte Rauheit, andere Ursache",True,OK (beide)
DAFB,0,1,0,,,nur WinCan – Zwischencode (Manifest hat Kinder)
DAFBA,1,1,0,Abplatzung durch mechanische Beschädigung,True,OK (beide)
DAFBE,1,1,0,"Abplatzung, Schadensursache nicht feststellbar",True,OK (beide)
DAFBZ,1,1,0,"Abplatzung, andere Ursache",True,OK (beide)
DAFC,0,1,0,,,nur WinCan – Zwischencode (Manifest hat Kinder)
DAFCA,1,1,0,Zuschlagstoffe sichtbar durch mechanische Beschädigung,True,OK (beide)
DAFCB,1,1,0,Zuschlagstoffe sichtbar durch chemischen Angriff,True,OK (beide)
DAFCC,1,1,0,Zuschlagstoffe sichtbar durch chemischen Angriff im oberen Teil des Gerinnes oder weiter oben,True,OK (beide)
DAFCD,1,1,0,Zuschlagstoffe sichtbar durch chemischen Angriff im unteren Teil des Gerinnes,True,OK (beide)
DAFCE,1,1,0,"Zuschlagstoffe sichtbar, Schadensursache nicht feststellbar",True,OK (beide)
DAFCZ,1,1,0,"Zuschlagstoffe sichtbar, andere Ursache",True,OK (beide)
DAFD,0,1,0,,,nur WinCan – Zwischencode (Manifest hat Kinder)
DAFDA,1,1,0,Zuschlagstoffe einragend durch mechanische Beschädigung,True,OK (beide)
DAFDB,1,1,0,Zuschlagstoffe einragend durch chemischen Angriff,True,OK (beide)
DAFDC,1,1,0,Zuschlagstoffe einragend durch chemischen Angriff im oberen Teil des Gerinnes oder weiter oben,True,OK (beide)
DAFDD,1,1,0,Zuschlagstoffe einragend durch chemischen Angriff im unteren Teil des Gerinnes,True,OK (beide)
DAFDE,1,1,0,"Zuschlagstoffe einragend, Schadensursache nicht feststellbar",True,OK (beide)
DAFDZ,1,1,0,"Zuschlagstoffe einragend, andere Ursache",True,OK (beide)
DAFE,0,1,0,,,nur WinCan – Zwischencode (Manifest hat Kinder)
DAFEA,1,1,0,Zuschlagstoffe fehlen durch mechanische Beschädigung,True,OK (beide)
DAFEB,1,1,0,Zuschlagstoffe fehlen durch chemischen Angriff,True,OK (beide)
DAFEC,1,1,0,Zuschlagstoffe fehlen durch chemischen Angriff im oberen Teil des Gerinnes oder weiter oben,True,OK (beide)
DAFED,1,1,0,Zuschlagstoffe fehlen durch chemischen Angriff im unteren Teil des Gerinnes,True,OK (beide)
DAFEE,1,1,0,"Zuschlagstoffe fehlen, Schadensursache nicht feststellbar",True,OK (beide)
DAFEZ,1,1,0,"Zuschlagstoffe fehlen, andere Ursache",True,OK (beide)
DAFF,0,1,0,,,nur WinCan – Zwischencode (Manifest hat Kinder)
DAFFA,1,1,0,Bewehrung sichtbar durch mechanische Beschädigung,True,OK (beide)
DAFFB,1,1,0,Bewehrung sichtbar durch chemischen Angriff,True,OK (beide)
DAFFC,1,1,0,Bewehrung sichtbar durch chemischen Angriff im oberen Teil des Gerinnes oder weiter oben,True,OK (beide)
DAFFD,1,1,0,Bewehrung sichtbar durch chemischen Angriff im unteren Teil des Gerinnes,True,OK (beide)
DAFFE,1,1,0,"Bewehrung sichtbar, Schadensursache nicht feststellbar",True,OK (beide)
DAFFZ,1,1,0,"Bewehrung sichtbar, andere Ursache",True,OK (beide)
DAFG,0,1,0,,,nur WinCan – Zwischencode (Manifest hat Kinder)
DAFGA,1,1,0,Bewehrung einragend durch mechanische Beschädigung,True,OK (beide)
DAFGB,1,1,0,Bewehrung einragend durch chemischen Angriff,True,OK (beide)
DAFGC,1,1,0,Bewehrung einragend durch chemischen Angriff im oberen Teil des Gerinnes oder weiter oben,True,OK (beide)
DAFGD,1,1,0,Bewehrung einragend durch chemischen Angriff im unteren Teil des Gerinnes,True,OK (beide)
DAFGE,1,1,0,"Bewehrung einragend, Schadensursache nicht feststellbar",True,OK (beide)
DAFGZ,1,1,0,"Bewehrung einragend, andere Ursache",True,OK (beide)
DAFH,0,1,0,,,nur WinCan – Zwischencode (Manifest hat Kinder)
DAFHB,1,1,0,Bewehrung korrodiert durch chemischen Angriff,True,OK (beide)
DAFHC,1,1,0,Bewehrung korrodiert durch chemischen Angriff im oberen Teil des Gerinnes oder weiter oben,True,OK (beide)
DAFHD,1,1,0,Bewehrung korrodiert durch chemischen Angriff im unteren Teil des Gerinnes,True,OK (beide)
DAFHE,1,1,0,"Bewehrung korrodiert, Schadensursache nicht feststellbar",True,OK (beide)
DAFI,0,1,0,,,nur WinCan – Zwischencode (Manifest hat Kinder)
DAFIA,1,1,0,Fehlende Wand durch mechanische Beschädigung,True,OK (beide)
DAFIB,1,1,0,Fehlende Wand durch chemischen Angriff,True,OK (beide)
DAFIC,1,1,0,Fehlende Wand durch chemischen Angriff im oberen Teil des Gerinnes oder weiter oben,True,OK (beide)
DAFID,1,1,0,Fehlende Wand durch chemischen Angriff im unteren Teil des Gerinnes,True,OK (beide)
DAFIE,1,1,0,"Fehlende Wand, Schadensursache nicht feststellbar",True,OK (beide)
DAFIZ,1,1,0,"Fehlende Wand, andere Ursache",True,OK (beide)
DAFJ,0,1,0,,,nur WinCan – Zwischencode (Manifest hat Kinder)
DAFJB,1,1,0,Korrosion durch chemischen Angriff,True,OK (beide)
DAFJC,1,1,0,Korrosion durch chemischen Angriff im oberen Teil des Gerinnes oder weiter oben,True,OK (beide)
DAFJD,1,1,0,Korrosion durch chemischen Angriff im unteren Teil des Gerinnes,True,OK (beide)
DAFJE,1,1,0,"Korrosion, Schadensursache nicht feststellbar",True,OK (beide)
DAFJZ,1,1,0,"Korrosion, andere Ursache",True,OK (beide)
DAFK,0,1,0,,,nur WinCan – Zwischencode (Manifest hat Kinder)
DAFKA,1,1,0,Beule durch mechanische Beschädigung,True,OK (beide)
DAFKE,1,1,0,"Beule, Schadensursache nicht feststellbar",True,OK (beide)
DAFKZ,1,1,0,"Beule, andere Ursache",True,OK (beide)
DAFZ,0,1,0,,,nur WinCan – Zwischencode (Manifest hat Kinder)
DAFZA,1,1,0,Anderer Oberflächenschaden durch mechanische Beschädigung,True,OK (beide)
DAFZB,1,1,0,Anderer Oberflächenschaden durch chemischen Angriff,True,OK (beide)
DAFZC,1,1,0,Anderer Oberflächenschaden durch chemischen Angriff im oberen Teil des Gerinnes oder weiter oben,True,OK (beide)
DAFZD,1,1,0,Anderer Oberflächenschaden durch chemischen Angriff im unteren Teil des Gerinnes,True,OK (beide)
DAFZE,1,1,0,"Anderer Oberflächenschaden, Schadensursache nicht feststellbar",True,OK (beide)
DAFZZ,1,1,0,"Anderer Oberflächenschaden, andere Ursache",True,OK (beide)
DAG,1,0,0,Anschluss einragend,True,nur Manifest – Basiscode (WinCan-CloseCode-Artefakt)
DAHA,1,1,0,Anschluss falsch eingeführt,True,OK (beide)
DAHB,1,1,0,Anschluss zurückliegend,True,OK (beide)
DAHC,1,1,0,Anschluss unvollständig oder nicht eingebunden,True,OK (beide)
DAHD,1,1,0,Anschluss beschädigt,True,OK (beide)
DAHE,1,1,0,Anschluss verstopft,True,OK (beide)
DAHZ,1,1,0,Anschluss andersartig schadhaft,True,OK (beide)
DAIA,0,1,0,,,nur WinCan – Zwischencode (Manifest hat Kinder)
DAIAA,1,1,0,Dichtring verschoben,True,OK (beide)
DAIAB,1,1,0,"Dichtring hängend, aber nicht gebrochen",True,OK (beide)
DAIAC,1,1,0,"Dichtring einragend, gebrochen",True,OK (beide)
DAIZ,1,1,0,Einragendes Dichtungsmaterial,True,OK (beide)
DAJA,1,1,0,Breite Schachtelementverbindung,True,OK (beide)
DAJB,1,1,0,Schachtelement versetzt,True,OK (beide)
DAJC,1,1,0,Schachtelemente Knick,True,OK (beide)
DAKA,1,1,0,Auskleidung abgelöst,True,OK (beide)
DAKB,1,1,0,Auskleidung verfärbt,True,OK (beide)
DAKC,1,1,0,Endstelle der Auskleidung schadhaft,True,OK (beide)
DAKD,0,1,0,,,nur WinCan – Zwischencode (Manifest hat Kinder)
DAKDA,1,1,0,Vertikale Faltenbildung in der Auskleidung,True,OK (beide)
DAKDB,1,1,0,Horizontale Faltenbildung in der Auskleidung,True,OK (beide)
DAKDC,1,1,0,Komplexe Faltenbildung in der Auskleidung,True,OK (beide)
DAKDD,1,1,0,Spiralförmige Faltenbildung in der Auskleidung,True,OK (beide)
DAKE,1,1,0,Blasen / Beulen in der Auskleidung,True,OK (beide)
DAKF,1,1,0,Beule derAuskleidung nach aussen,True,OK (beide)
DAKG,1,1,0,Ablösen der Innenhaut / Beschichtung,True,OK (beide)
DAKH,1,1,0,Ablösen der Abdeckung der Verbindungsnaht,True,OK (beide)
DAKI,1,1,0,Riss oder Spalt in der Innenauskleidung,True,OK (beide)
DAKJ,1,1,0,Loch in der Innauskleidung,True,OK (beide)
DAKK,1,1,0,Auskleidungsverbindung defekt,True,OK (beide)
DAKL,1,1,0,Auskleidungswerkstoff erscheint weich,True,OK (beide)
DAKM,1,1,0,Harz fehlt im Laminat,True,OK (beide)
DAKN,1,1,0,Ende der Auskleidung ist nicht abgedichtet,True,OK (beide)
DAKZ,1,1,0,Auskleidung andersartig mangelhaft,True,OK (beide)
DALA,1,1,0,"Reparatur mangelhaft, Wand fehlt teilweise",True,OK (beide)
DALB,1,1,0,Reparatur Loch mangelhaft,True,OK (beide)
DALC,1,1,0,Reparaturwerkstoff löst sich von der Wand,True,OK (beide)
DALD,1,1,0,Reparaturwerkstoff fehlt an der Kontaktfläche,True,OK (beide)
DALE,1,1,0,"Überschüssiger Reparaturwerkstoff, Hindernis",True,OK (beide)
DALF,1,1,0,Loch im Reparaturwerkstoff,True,OK (beide)
DALG,1,1,0,"Riss im Reparaturwerkstoff, längs",True,OK (beide)
DALZ,1,1,0,Reparatur andersartig mangelhaft,True,OK (beide)
DAMA,1,1,0,Vertikale Schweissnaht mangelhaft,True,OK (beide)
DAMB,1,1,0,Horizontale Schweissnaht mangelhaft,True,OK (beide)
DAMC,1,1,0,Schweissnaht mit spiralförmigem Verlauf mangelhaft,True,OK (beide)
DAN,1,0,0,Schachtwand porös,True,nur Manifest – Basiscode (WinCan-CloseCode-Artefakt)
DAO,1,0,0,anstehender Boden sichtbar,True,nur Manifest – Basiscode (WinCan-CloseCode-Artefakt)
DAP,1,0,0,Hohlraum sichtbar,True,nur Manifest – Basiscode (WinCan-CloseCode-Artefakt)
DAQA,1,1,0,Steighilfe locker,True,OK (beide)
DAQB,1,1,0,Steighilfe fehlt,True,OK (beide)
DAQC,1,1,0,Steighilfe korrodiert,True,OK (beide)
DAQD,1,1,0,Steighilfe verbogen,True,OK (beide)
DAQE,1,1,0,Steighilfe Kunststoffverkleidung gebrochen,True,OK (beide)
DAQF,1,1,0,'Steighilfe Handlauf korrodiert,True,OK (beide)
DAQG,1,1,0,Absturzsicherung locker,True,OK (beide)
DAQH,1,1,0,Absturzsicherung fehlt,True,OK (beide)
DAQI,1,1,0,Absturzsicherung korrodiert,True,OK (beide)
DAQJ,1,1,0,Leitersprossen korrodiert,True,OK (beide)
DAQK,1,1,0,Steigkasten schadhaft,True,OK (beide)
DAQZ,1,1,0,Steighilfe andersweitig schadhaft,True,OK (beide)
DARA,1,1,0,Deckel gebrochen,True,OK (beide)
DARB,1,1,0,Deckel wackelt,True,OK (beide)
DARC,1,1,0,Deckel fehlt,True,OK (beide)
DARD,1,1,0,Rahmen gebrochen,True,OK (beide)
DARE,1,1,0,Rahmen locker,True,OK (beide)
DARF,1,1,0,Rahmen fehlt,True,OK (beide)
DARG,1,1,0,Abdeckung zu tief,True,OK (beide)
DARH,1,1,0,Abdeckung zu hoch,True,OK (beide)
DARZ,1,1,0,Abdeckung andersweitig schadhaft,True,OK (beide)
DBAA,1,1,0,Pfahlwurzel,True,OK (beide)
DBAB,1,1,0,"Einzelner, feiner Wurzeleinwuchs",True,OK (beide)
DBAC,1,1,0,Komplexes Wurzelwerk,True,OK (beide)
DBBA,1,1,0,Inkrustation (verkalkt),True,OK (beide)
DBBB,1,1,0,Fett,True,OK (beide)
DBBC,1,1,0,Fäulnis,True,OK (beide)
DBBZ,1,1,0,Andersartige anhaftende Stoffe,True,OK (beide)
DBCA,1,1,0,"Lose Ablagerungen, Sand",True,OK (beide)
DBCB,1,1,0,"Lose Ablagerungen, Kies",True,OK (beide)
DBCC,1,1,0,Harte Ablagerungen,True,OK (beide)
DBCZ,1,1,0,Andersartige Ablagerungen,True,OK (beide)
DBD,1,0,0,Bodenmaterial dringt ein,True,nur Manifest – Basiscode (WinCan-CloseCode-Artefakt)
DBEA,1,1,0,Abflusshindernis: Herausgefallener Mauer- oder Backstein,True,OK (beide)
DBEB,1,1,0,Abflusshindernis: Herausgebrochenes Leitungsstück,True,OK (beide)
DBEC,1,1,0,Abflusshindernis,True,OK (beide)
DBED,1,1,0,Gegenstand ragt durch die Wand ein,True,OK (beide)
DBEE,1,1,0,Gegenstand ist in der Schachtelementverbindung eingeklemmt,True,OK (beide)
DBEF,1,1,0,Gegenstand ragt aus Anschluss,True,OK (beide)
DBEG,1,1,0,Fremde Werkleitungen oder Kabel durchqueren den Schacht,True,OK (beide)
DBEH,1,1,0,Gegenstand ist in den Schacht eingebaut,True,OK (beide)
DBEZ,1,1,0,Andersartiges Hindernis,True,OK (beide)
DBFA,0,1,0,,,nur WinCan – Zwischencode (Manifest hat Kinder)
DBFAA,1,1,0,Infiltration: Schwitzen / Verkalkung an der Schachtwand,True,OK (beide)
DBFAB,1,1,0,Infiltration: Schwitzen / Verkalkung der Einbindung eines Anschluss im Sohlbereich,True,OK (beide)
DBFAC,1,1,0,Infiltration: Schwitzen / Verkalkung der Einbindung eines Anschluss oberhalb des Banketts,True,OK (beide)
DBFB,0,1,0,,,nur WinCan – Zwischencode (Manifest hat Kinder)
DBFBA,1,1,0,Infiltration: Wasser tropft aus der Schachtwand,True,OK (beide)
DBFBB,1,1,0,Infiltration: Wasser tropft aus der Einbindung eines Anschluss im Sohlbereich,True,OK (beide)
DBFBC,1,1,0,Infiltration: Wasser tropft aus der Einbindung eines Anschluss oberhalb des Banketts,True,OK (beide)
DBFC,0,1,0,,,nur WinCan – Zwischencode (Manifest hat Kinder)
DBFCA,1,1,0,Infiltration: Wasser fliesst aus der Schachtwand,True,OK (beide)
DBFCB,1,1,0,Infiltration: Wasser fliesst aus der Einbindung eines Anschluss im Sohlbereich,True,OK (beide)
DBFCC,1,1,0,Infiltration: Wasser fliesst aus der Einbindung eines Anschluss oberhalb des Banketts,True,OK (beide)
DBFD,0,1,0,,,nur WinCan – Zwischencode (Manifest hat Kinder)
DBFDA,1,1,0,Infiltration: Wasser spritzt aus der Schachtwand,True,OK (beide)
DBFDB,1,1,0,Infiltration: Wasser spritzt aus der Einbindung eines Anschluss im Sohlbereich,True,OK (beide)
DBFDC,1,1,0,Infiltration: Wasser spritzt aus der Einbindung eines Anschluss oberhalb des Banketts,True,OK (beide)
DBG,1,0,0,Sichtbarer Wasseraustritt,True,nur Manifest – Basiscode (WinCan-CloseCode-Artefakt)
DBHA,0,1,0,,,nur WinCan – Zwischencode (Manifest hat Kinder)
DBHAA,1,1,0,Ratte im Schacht,True,OK (beide)
DBHAB,1,1,0,Ratte im Anschluss,True,OK (beide)
DBHAC,1,1,0,Ratte in der offenen Schachtelementverbindung,True,OK (beide)
DBHAZ,1,1,0,Ratte,True,OK (beide)
DBHB,0,1,0,,,nur WinCan – Zwischencode (Manifest hat Kinder)
DBHBA,1,1,0,Kakerlaken im Schacht,True,OK (beide)
DBHBB,1,1,0,Kakerlaken im Anschluss,True,OK (beide)
DBHBC,1,1,0,Kakerlaken in der offenen Schachtelementverbindung,True,OK (beide)
DBHBZ,1,1,0,Kakerlaken,True,OK (beide)
DBHZ,0,1,0,,,nur WinCan – Zwischencode (Manifest hat Kinder)
DBHZA,1,1,0,Tier im Schacht,True,OK (beide)
DBHZB,1,1,0,Tier im Anschluss,True,OK (beide)
DBHZC,1,1,0,Tier in der offenen Schachtelementverbindung,True,OK (beide)
DBHZZ,1,1,0,Tier,True,OK (beide)
DCA,1,0,0,Anschluss (Schacht),True,nur Manifest – Basiscode (WinCan-CloseCode-Artefakt)
DCAA,1,1,0,Anschluss mit Gerinne im Bankett,True,OK (beide)
DCAB,1,1,0,Anschluss in die Durchlaufrinne,True,OK (beide)
DCAC,1,1,0,Anschluss Schwanenhals,True,OK (beide)
DCAD,1,1,0,Anschluss Schwanenhals innenliegend,True,OK (beide)
DCAE,1,1,0,Anschluss mit Schussgerinne,True,OK (beide)
DCAF,1,1,0,Belüftungsrohr,True,OK (beide)
DCAZ,1,1,0,Anschluss,True,OK (beide)
DCBA,1,1,0,"Reparatur, Teil der Schachtwand ausgetauscht",True,OK (beide)
DCBB,1,1,0,"Reparatur, örtlich begrenzte Innenauskleidung",True,OK (beide)
DCBC,1,1,0,"Reparatur, Injizierung",True,OK (beide)
DCBD,1,1,0,Loch repariert,True,OK (beide)
DCBE,1,1,0,"Reparatur, ortlich begrenzet Innenauskleidung des Anschlusses",True,OK (beide)
DCBF,1,1,0,Andersartige Reparatur des Anschlusses,True,OK (beide)
DCBZ,1,1,0,Andersartige Reparatur,True,OK (beide)
DCFA,1,1,0,<anderes Material>,True,OK (beide)
DCFB,1,1,0,Asbestzement,True,OK (beide)
DCFC,1,1,0,Normalbeton,True,OK (beide)
DCFD,1,1,0,Ortsbeton,True,OK (beide)
DCFE,1,1,0,Pressrohrbeton,True,OK (beide)
DCFF,1,1,0,Spezialbeton,True,OK (beide)
DCFG,1,1,0,Beton,True,OK (beide)
DCFH,1,1,0,Faserzement,True,OK (beide)
DCFI,1,1,0,Gebrannte Steine,True,OK (beide)
DCFJ,1,1,0,Duktiler Guss,True,OK (beide)
DCFK,1,1,0,Grauguss,True,OK (beide)
DCFL,1,1,0,Epoxidharz,True,OK (beide)
DCFM,1,1,0,Hartpolyethylen,True,OK (beide)
DCFN,1,1,0,Polyester GUP,True,OK (beide)
DCFO,1,1,0,Polyethylen,True,OK (beide)
DCFP,1,1,0,Polypropylen,True,OK (beide)
DCFQ,1,1,0,Polyvinylchlorid,True,OK (beide)
DCFR,1,1,0,Kunststoff unbekannt,True,OK (beide)
DCFS,1,1,0,Stahl,True,OK (beide)
DCFT,1,1,0,Rostfreier Stahl,True,OK (beide)
DCFU,1,1,0,Steinzeug,True,OK (beide)
DCFV,1,1,0,Ton,True,OK (beide)
DCFW,1,1,0,unbekanntes Material,True,OK (beide)
DCFX,1,1,0,Zement,True,OK (beide)
DCG,1,0,0,Zulauf / Ablauf (Schacht),True,nur Manifest – Basiscode (WinCan-CloseCode-Artefakt)
DCGA,0,1,0,,,nur WinCan – Zwischencode (Manifest hat Kinder)
DCGAA,1,1,0,Zulauf Kreisprofil,True,OK (beide)
DCGAB,1,1,0,Ablauf Kreisprofil,True,OK (beide)
DCGAC,1,1,0,Verschlossener Anschluss Kreisprofil,True,OK (beide)
DCGB,0,1,0,,,nur WinCan – Zwischencode (Manifest hat Kinder)
DCGBA,1,1,0,Zulauf Rechteckprofil,True,OK (beide)
DCGBB,1,1,0,Ablauf Rechteckprofil,True,OK (beide)
DCGBC,1,1,0,Verschlossener Anschluss Rechteckprofil,True,OK (beide)
DCGC,0,1,0,,,nur WinCan – Zwischencode (Manifest hat Kinder)
DCGCA,1,1,0,Zulauf Eiprofil,True,OK (beide)
DCGCB,1,1,0,Ablauf Eiprofil,True,OK (beide)
DCGCC,1,1,0,Verschlossener Anschluss Eiprofil,True,OK (beide)
DCGX,0,1,0,,,nur WinCan – Zwischencode (Manifest hat Kinder)
DCGXA,1,0,0,Zulauf Spezialprofil (ungültig: Ersatz DCGXAA),True,nur Manifest – 2020-Erweiterung/spezifisch
DCGXAA,1,0,0,Zulauf Spezialprofil,True,nur Manifest – 2020-Erweiterung/spezifisch
DCGXAB,1,0,0,Ablauf Spezialprofil,True,nur Manifest – 2020-Erweiterung/spezifisch
DCGXAC,1,0,0,Verschlossener Anschluss Spezialprofil,True,nur Manifest – 2020-Erweiterung/spezifisch
DCGXB,1,1,0,Ablauf Spezialprofil (ungültig: Ersatz DCGXAB),True,OK (beide)
DCGXBA,1,0,0,Zulauf Maulprofil,True,nur Manifest – 2020-Erweiterung/spezifisch
DCGXBB,1,0,0,Ablauf Maulprofil,True,nur Manifest – 2020-Erweiterung/spezifisch
DCGXBC,1,0,0,Verschlossener Anschluss Maulprofil,True,nur Manifest – 2020-Erweiterung/spezifisch
DCGXC,1,1,0,Verschlossener Anschluss Spezialprofil (ungültig: Ersatz DCGXAC),True,OK (beide)
DCGXCA,1,0,0,Zulauf offenes Profil,True,nur Manifest – 2020-Erweiterung/spezifisch
DCGXCB,1,0,0,Ablauf offenes Profil,True,nur Manifest – 2020-Erweiterung/spezifisch
DCGXCC,1,0,0,Verschlossener Anschluss offenes Profil,True,nur Manifest – 2020-Erweiterung/spezifisch
DCGY,0,1,0,,,nur WinCan – Zwischencode (Manifest hat Kinder)
DCGYA,1,1,0,Zulauf Profil unbekannt,True,OK (beide)
DCGYB,1,1,0,Ablauf Profil unbekannt,True,OK (beide)
DCGYC,1,1,0,Verschlossener Anschluss Profil unbekannt,True,OK (beide)
DCGZ,0,1,0,,,nur WinCan – Zwischencode (Manifest hat Kinder)
DCGZA,1,1,0,Zulauf anderes Profil,True,OK (beide)
DCGZB,1,1,0,Ablauf anderes Profil,True,OK (beide)
DCGZC,1,1,0,Verschlossener Anschluss anderes Profil,True,OK (beide)
DCHA,1,1,0,Bankett mangelhaft,True,OK (beide)
DCHAA,1,0,0,A Bankett fehlt (ungültig: Ersatz DCHC),True,nur Manifest – 2020-Erweiterung/spezifisch
DCHAB,1,0,0,B Bankett zu niedrig (ungültig: Ersatz DCHA),True,nur Manifest – 2020-Erweiterung/spezifisch
DCHB,1,1,0,Bakett nicht mangelhaft,True,OK (beide)
DCHC,1,1,0,Kein Bankett,True,OK (beide)
DCIA,1,1,0,Durchlaufrinne mangelhaft (ungültig: Ersatz DCIAZ),True,OK (beide)
DCIAA,1,1,0,"Durchlaufrinne mangelhaft, in Fliessrichtung verengt",True,OK (beide)
DCIAB,1,1,0,"Durchlaufrinne mangelhaft, in Fliessrichtung erweitert",True,OK (beide)
DCIAC,1,1,0,"Durchlaufrinne mangelhaft, Hochpunkt",True,OK (beide)
DCIAD,1,1,0,"Durchlaufrinne mangelhaft, Tiefpunkt",True,OK (beide)
DCIAZ,1,0,0,Durchlaufrinne mangelhaft,True,nur Manifest – 2020-Erweiterung/spezifisch
DCIB,1,0,0,Durchlaufrinne,True,nur Manifest – 2020-Erweiterung/spezifisch
DCIBY,1,1,0,Durchlaufrinne nicht mangelhaft,True,OK (beide)
DCICY,1,1,0,Keine Durchlaufrinne,True,OK (beide)
DCLA,0,1,0,,,nur WinCan – Zwischencode (Manifest hat Kinder)
DCLAA,1,1,0,"Rohrdurchführung ohne Öffnungsmöglichkeit, schadhaft",True,OK (beide)
DCLAB,1,1,0,Rohrdurchführung ohne Öffnungsmöglichkeit,True,OK (beide)
DCLB,0,1,0,,,nur WinCan – Zwischencode (Manifest hat Kinder)
DCLBA,1,1,0,"Rohrdurchführung mit Öffnungsmöglichkeit, schadhaft",True,OK (beide)
DCLBB,1,1,0,Rohrdurchführung mit Öffnungsmöglichkeit,True,OK (beide)
DCLC,0,1,0,,,nur WinCan – Zwischencode (Manifest hat Kinder)
DCLCA,1,1,0,"Rohrdurchführung mit Öffnungsmöglichkeit, Verschluss fehlt, schadhaft",True,OK (beide)
DCLCB,1,1,0,"Rohrdurchführung mit Öffnungsmöglichkeit, Verschluss fehlt",True,OK (beide)
DCMA,1,1,0,Schlammeimer vorhanden,True,OK (beide)
DCMB,1,1,0,Schlammeimer fehlt,True,OK (beide)
DCMC,1,1,0,Schlammeimer defekt,True,OK (beide)
DDA,1,0,0,"Allgemeinzustand, Fotobeispiel",True,nur Manifest – Basiscode (WinCan-CloseCode-Artefakt)
DDB,1,0,0,Allgemeine Anmerkung (Schacht),True,nur Manifest – Basiscode (WinCan-CloseCode-Artefakt)
DDCA,1,1,0,Untersuch nicht möglich: Deckel kann nicht geöffnet werden (ungültig: Ersatz DDCAZ),True,OK (beide)
DDCAB,1,1,0,"Inspektion nicht möglich: Deckel kann nicht geöffnet werden, Auftraggeber verzichtet auf weitere Inspektion",True,OK (beide)
DDCAZ,1,1,0,Inspektion nicht möglich: Deckel kann nicht geöffnet werden,True,OK (beide)
DDCB,1,1,0,Untersuch nicht möglich: Hindernis (ungültig: Ersatz DDCBZ),True,OK (beide)
DDCBA,1,1,0,"Inspektion nicht vollständig: Hindernis, Inspektionsziel erreicht",True,OK (beide)
DDCBB,1,1,0,"Inspektion nicht vollständig: Hindernis, Auftraggeber verzichtet auf weitere Inspektion",True,OK (beide)
DDCBZ,1,1,0,Inspektion nicht vollständig: Hindernis,True,OK (beide)
DDCC,1,1,0,Untersuch nicht möglich: Hoher Wasserstand (ungültig: Ersatz DDCCZ),True,OK (beide)
DDCCA,1,1,0,"Inspektion nicht vollständig: Hoher Wasserstand, Inspektionsziel erreicht",True,OK (beide)
DDCCB,1,1,0,"Inspektion nicht vollständig: Hoher Wasserstand, Auftraggeber verzichtet auf weitere Inspektion",True,OK (beide)
DDCCZ,1,1,0,Inspektion nicht vollständig: Hoher Wasserstand,True,OK (beide)
DDCD,1,1,0,Untersuch nicht möglich: Ausrüstung defekt (ungültig: Ersatz DDCDZ),True,OK (beide)
DDCDA,1,1,0,"Inspektion nicht vollständig: Ausrüstung defekt, Inspektionsziel erreicht",True,OK (beide)
DDCDB,1,1,0,"Inspektion nicht vollständig: Ausrüstung defekt, Auftraggeber verzichtet auf weitere Inspektion",True,OK (beide)
DDCDZ,1,1,0,Inspektion nicht vollständig: Ausrüstung defekt,True,OK (beide)
DDCZ,1,1,0,Untersuch nicht möglich (ungültig: Ersatz DDCZZ),True,OK (beide)
DDCZA,1,1,0,"Inspektion nicht vollständig, Inspektionsziel erreicht",True,OK (beide)
DDCZB,1,1,0,"Inspektion nicht vollständig, Auftraggeber verzichtet auf weitere Inspektion",True,OK (beide)
DDCZZ,1,1,0,Inspektion nicht vollständig,True,OK (beide)
DDD,1,0,0,Niveau Wasserspiegel,True,nur Manifest – Basiscode (WinCan-CloseCode-Artefakt)
DDEA,0,1,0,,,nur WinCan – Zwischencode (Manifest hat Kinder)
DDEAA,1,1,0,"Fehlanschluss, Abwasserzufluss klar, Schmutzabwasser fliesst in Regenabwasserleitung",True,OK (beide)
DDEAB,1,1,0,"Fehlanschluss, Abwasserzufluss klar, Regenabwasser fliesst in Schmutzabwasserleitung",True,OK (beide)
DDEAC,1,1,0,Abwasserzufluss klar,True,OK (beide)
DDEBA,1,0,0,"Fehlanschluss, Abwasserzufluss trüb, Schmutzabwasser fliesst in Regenabwasserleitung (ungültig: Ersatz DDECA)",True,nur Manifest – 2020-Erweiterung/spezifisch
DDEBB,1,0,0,"Fehlanschluss, Abwasserzufluss trüb, Regenabwasser fliesst in Schmutzabwasserleitung (ungültig: Ersatz DDECA)",True,nur Manifest – 2020-Erweiterung/spezifisch
DDEBC,1,0,0,Abwasserzufluss trüb (ungültig: Ersatz DDECC),True,nur Manifest – 2020-Erweiterung/spezifisch
DDEC,0,1,0,,,nur WinCan – Zwischencode (Manifest hat Kinder)
DDECA,1,1,0,"Fehlanschluss, Abwasserzufluss trüb, Schmutzabwasser fliesst in Regenabwasserleitung",True,OK (beide)
DDECB,1,1,0,"Fehlanschluss, Abwasserzufluss trüb, Regenabwasser fliesst in Schmutzabwasserleitung",True,OK (beide)
DDECC,1,1,0,Abwasserzufluss trüb,True,OK (beide)
DDED,0,1,0,,,nur WinCan – Zwischencode (Manifest hat Kinder)
DDEDA,1,1,0,"Fehlanschluss, Abwasserzufluss gefärbt, Schmutzabwasser fliesst in Regenabwasserleitung",True,OK (beide)
DDEDB,1,1,0,"Fehlanschluss, Abwasserzufluss gefärbt, Regenabwasser fliesst in Schmutzabwasserleitung",True,OK (beide)
DDEDC,1,1,0,Abwasserzufluss gefärbt,True,OK (beide)
DDEE,0,1,0,,,nur WinCan – Zwischencode (Manifest hat Kinder)
DDEEA,1,1,0,"Fehlanschluss, Abwasserzufluss trüb und gefärbt, Schmutzabwasser fliesst in Regenabwasserleitung",True,OK (beide)
DDEEB,1,1,0,"Fehlanschluss, Abwasserzufluss trüb und gefärbt, Regenabwasser fliesst in Schmutzabwasserleitung",True,OK (beide)
DDEEC,1,1,0,Abwasserzufluss trüb und gefärbt,True,OK (beide)
DDEY,0,1,0,,,nur WinCan – Zwischencode (Manifest hat Kinder)
DDEYA,1,1,0,"Fehlanschluss, Schmutzabwasser fliesst in Regenabwasserleitung",True,OK (beide)
DDEYB,1,1,0,"Fehlanschluss, Regenabwasser fliesst in Schmutzabwasserleitung",True,OK (beide)
DDEYY,1,1,0,Abwasserzufluss,True,OK (beide)
DDFA,1,1,0,Gefährdung vorhanden: Sauerstoffmangel,True,OK (beide)
DDFB,1,1,0,Gefährdung vorhanden: Schwefelwasserstoff,True,OK (beide)
DDFC,1,1,0,Gefährdung vorhanden: Methan,True,OK (beide)
DDFZ,1,1,0,Andersartige Gefährdung vorhanden,True,OK (beide)
DDGA,1,1,0,"Keine Sicht, Kamera unter Wasser",True,OK (beide)
DDGB,1,1,0,"Keine Sicht, Verschlammung",True,OK (beide)
DDGC,1,1,0,"Keine Sicht, Dampf",True,OK (beide)
DDGZ,0,1,0,,,nur WinCan – KEIN Pendant im Manifest
